state,month-year,period,OrdersPerCapita
Colorado,2021-01,1,9.242131935135518
Colorado,2021-02,2,13.758564115302088
Colorado,2021-03,3,12.78803448913276
Colorado,2021-04,4,14.850295807744068
Colorado,2021-05,5,14.125228838445588
Colorado,2021-06,6,10.993119578756303
Colorado,2021-07,7,7.738524676446551
Colorado,2021-08,8,8.882319354712548
Colorado,2021-09,9,7.852341951629992
Colorado,2021-10,10,10.389731973746418
Colorado,2021-11,11,12.323201426602283
Colorado,2021-12,12,14.555497367310018
Colorado,2022-01,13,14.130998615727705
Colorado,2022-02,14,13.956652732203553
Colorado,2022-03,15,11.165380937428584
Colorado,2022-04,16,10.152621669102304
Colorado,2022-05,17,8.857159113136737
Colorado,2022-06,18,6.379900311436636
Colorado,2022-07,19,9.14484173762793
Colorado,2022-08,20,9.569843908099624
Colorado,2022-09,21,12.412755585534754
Colorado,2022-10,22,14.245362195677842
Colorado,2022-11,23,13.010596347391877
Colorado,2022-12,24,14.024168989120593
Colorado,2023-01,25,9.075249513879298
Colorado,2023-02,26,10.370387830985074
Colorado,2023-03,27,6.276173395810569
Colorado,2023-04,28,6.25853335654321
Colorado,2023-05,29,9.019170984778366
Colorado,2023-06,30,11.045569549813273
State_1,2021-01,1,6.097727895309722
State_1,2021-02,2,8.866098021969444
State_1,2021-03,3,10.206656286382353
State_1,2021-04,4,12.7406957684228
State_1,2021-05,5,10.760394320333901
State_1,2021-06,6,8.338829290428286
State_1,2021-07,7,4.723532693965338
State_1,2021-08,8,-0.050713942643299426
State_1,2021-09,9,2.9454071985898067
State_1,2021-10,10,7.590321262679347
State_1,2021-11,11,10.539847256823426
State_1,2021-12,12,11.271760944420471
State_1,2022-01,13,10.008026891692428
State_1,2022-02,14,11.553382415960048
State_1,2022-03,15,9.423690333026645
State_1,2022-04,16,5.736759978237675
State_1,2022-05,17,4.373617524390957
State_1,2022-06,18,5.3726038365182
State_1,2022-07,19,3.3165754394780658
State_1,2022-08,20,5.586233148419327
State_1,2022-09,21,10.502286869991169
State_1,2022-10,22,12.193608732881767
State_1,2022-11,23,13.046434509613736
State_1,2022-12,24,12.35397237325014
State_1,2023-01,25,7.478668809395756
State_1,2023-02,26,5.8142672830006275
State_1,2023-03,27,2.5634863155986514
State_1,2023-04,28,2.6045285234621485
State_1,2023-05,29,6.213869957354786
State_1,2023-06,30,7.65980054002874
State_2,2021-01,1,7.799577662757097
State_2,2021-02,2,5.4759949965865715
State_2,2021-03,3,8.70353986210333
State_2,2021-04,4,8.312310950480905
State_2,2021-05,5,6.132475218424675
State_2,2021-06,6,3.616467399138823
State_2,2021-07,7,0.8703859694586873
State_2,2021-08,8,1.4808356703511019
State_2,2021-09,9,1.1123448661923399
State_2,2021-10,10,3.6915937671688774
State_2,2021-11,11,7.086314978579412
State_2,2021-12,12,7.2812998537683935
State_2,2022-01,13,10.939106942956908
State_2,2022-02,14,10.069548283770027
State_2,2022-03,15,5.2443671051431595
State_2,2022-04,16,3.2315529866669035
State_2,2022-05,17,4.053300571067644
State_2,2022-06,18,1.3126550416200016
State_2,2022-07,19,0.8533430803749358
State_2,2022-08,20,6.331283680565707
State_2,2022-09,21,7.3018925199958895
State_2,2022-10,22,9.489163898654414
State_2,2022-11,23,9.963821481132669
State_2,2022-12,24,7.123956344962479
State_2,2023-01,25,5.01348635717533
State_2,2023-02,26,5.313412518146665
State_2,2023-03,27,0.13202086254916878
State_2,2023-04,28,0.4602013537521443
State_2,2023-05,29,2.7323482526334812
State_2,2023-06,30,8.093731953515285
State_3,2021-01,1,5.601469768131515
State_3,2021-02,2,9.030050498818847
State_3,2021-03,3,10.576257378807652
State_3,2021-04,4,9.12228337219926
State_3,2021-05,5,8.858761497760842
State_3,2021-06,6,1.9731724197297655
State_3,2021-07,7,-0.8698942547368755
State_3,2021-08,8,1.051923927619432
State_3,2021-09,9,-1.7127251787403908
State_3,2021-10,10,2.406339432117774
State_3,2021-11,11,6.157119771977392
State_3,2021-12,12,8.715086612904608
State_3,2022-01,13,8.428225576017216
State_3,2022-02,14,8.850134788572007
State_3,2022-03,15,5.948888772186889
State_3,2022-04,16,4.070110318828824
State_3,2022-05,17,0.439744710501481
State_3,2022-06,18,0.9586986078673488
State_3,2022-07,19,0.5698138658726464
State_3,2022-08,20,6.606918019412541
State_3,2022-09,21,5.275513403025939
State_3,2022-10,22,7.5532244964203645
State_3,2022-11,23,7.129896886075716
State_3,2022-12,24,8.000327976395967
State_3,2023-01,25,5.747110797152369
State_3,2023-02,26,4.816085663523668
State_3,2023-03,27,0.3823231878518436
State_3,2023-04,28,0.8760979379193206
State_3,2023-05,29,4.814755996956777
State_3,2023-06,30,4.189681776462793
State_4,2021-01,1,11.128630646019468
State_4,2021-02,2,14.906844607275884
State_4,2021-03,3,12.975714015946787
State_4,2021-04,4,15.432879881313438
State_4,2021-05,5,12.74451108134972
State_4,2021-06,6,7.572153807624732
State_4,2021-07,7,3.5469326437346083
State_4,2021-08,8,3.1800340007397727
State_4,2021-09,9,5.892034539658245
State_4,2021-10,10,4.722569748732842
State_4,2021-11,11,10.296117470764369
State_4,2021-12,12,16.52698125596474
State_4,2022-01,13,16.8892041165594
State_4,2022-02,14,12.829832497495063
State_4,2022-03,15,15.421351264054461
State_4,2022-04,16,12.52876649920329
State_4,2022-05,17,5.637214039267991
State_4,2022-06,18,1.1426706878174882
State_4,2022-07,19,8.920492462576567
State_4,2022-08,20,5.674712998675725
State_4,2022-09,21,15.254061628363111
State_4,2022-10,22,17.19950322575635
State_4,2022-11,23,19.27258313283248
State_4,2022-12,24,15.208901460235401
State_4,2023-01,25,10.822195143946072
State_4,2023-02,26,7.499513337098282
State_4,2023-03,27,4.773771195272415
State_4,2023-04,28,7.444994620725312
State_4,2023-05,29,9.369258173470424
State_4,2023-06,30,10.677178211151695
State_5,2021-01,1,19.223795176084064
State_5,2021-02,2,27.622029722835755
State_5,2021-03,3,26.37531510581056
State_5,2021-04,4,22.77609651620717
State_5,2021-05,5,22.029982740163895
State_5,2021-06,6,20.42279255747063
State_5,2021-07,7,16.088484338991858
State_5,2021-08,8,16.49318338054619
State_5,2021-09,9,17.649765222368796
State_5,2021-10,10,12.640743483668047
State_5,2021-11,11,20.882815029753953
State_5,2021-12,12,23.52525401349681
State_5,2022-01,13,25.17718815922589
State_5,2022-02,14,25.67820962545844
State_5,2022-03,15,23.280935482799595
State_5,2022-04,16,19.602872426934578
State_5,2022-05,17,15.413791082096704
State_5,2022-06,18,16.612090153342997
State_5,2022-07,19,16.194942358031927
State_5,2022-08,20,18.846775337963187
State_5,2022-09,21,21.258871255596187
State_5,2022-10,22,22.67841488142369
State_5,2022-11,23,24.30215924979049
State_5,2022-12,24,24.92208919518286
State_5,2023-01,25,22.617107247332402
State_5,2023-02,26,16.104659184241314
State_5,2023-03,27,16.514399695401895
State_5,2023-04,28,18.156141917841914
State_5,2023-05,29,16.556006488203483
State_5,2023-06,30,18.872890523686262
State_6,2021-01,1,6.398200593953866
State_6,2021-02,2,10.075564758390055
State_6,2021-03,3,11.380274924893772
State_6,2021-04,4,9.573239193089801
State_6,2021-05,5,10.617247927342126
State_6,2021-06,6,6.9355215631168665
State_6,2021-07,7,4.227621223141754
State_6,2021-08,8,3.0095002716975925
State_6,2021-09,9,3.4166970599541773
State_6,2021-10,10,5.100715831308337
State_6,2021-11,11,8.630349015075545
State_6,2021-12,12,10.13552170876134
State_6,2022-01,13,10.66749257096939
State_6,2022-02,14,10.927078760575819
State_6,2022-03,15,10.647289375336038
State_6,2022-04,16,5.283804466466784
State_6,2022-05,17,5.14227189481952
State_6,2022-06,18,1.5434845461893503
State_6,2022-07,19,3.0554732020076623
State_6,2022-08,20,6.425580271078394
State_6,2022-09,21,9.073996651366292
State_6,2022-10,22,10.299219348636127
State_6,2022-11,23,11.139265165504803
State_6,2022-12,24,10.886663554125478
State_6,2023-01,25,9.043086741522115
State_6,2023-02,26,4.79565294734472
State_6,2023-03,27,6.275626657340511
State_6,2023-04,28,4.333648641677111
State_6,2023-05,29,5.530812063952241
State_6,2023-06,30,7.244301472419867
State_7,2021-01,1,13.448419288382953
State_7,2021-02,2,14.314825908273557
State_7,2021-03,3,14.599434504196772
State_7,2021-04,4,16.803399074321728
State_7,2021-05,5,12.41198329142412
State_7,2021-06,6,10.82143389177563
State_7,2021-07,7,9.149701564643788
State_7,2021-08,8,10.56290072449652
State_7,2021-09,9,9.11729529443771
State_7,2021-10,10,9.188725606916215
State_7,2021-11,11,14.325148220226211
State_7,2021-12,12,13.394370121206348
State_7,2022-01,13,16.709155155077674
State_7,2022-02,14,17.620125241131518
State_7,2022-03,15,13.497834457265052
State_7,2022-04,16,11.742309800986476
State_7,2022-05,17,9.122001844116388
State_7,2022-06,18,8.095665565353396
State_7,2022-07,19,8.942431854847204
State_7,2022-08,20,11.492438949903393
State_7,2022-09,21,14.333456222496755
State_7,2022-10,22,16.159370196310775
State_7,2022-11,23,18.46520556765116
State_7,2022-12,24,16.442415304822184
State_7,2023-01,25,9.73007042556899
State_7,2023-02,26,10.75211906420316
State_7,2023-03,27,7.210060778172249
State_7,2023-04,28,9.142106244078494
State_7,2023-05,29,9.973158499822908
State_7,2023-06,30,13.956543017910018
State_8,2021-01,1,9.864773050662363
State_8,2021-02,2,11.168642045775252
State_8,2021-03,3,12.558563696046022
State_8,2021-04,4,13.440796670638045
State_8,2021-05,5,11.04111862843389
State_8,2021-06,6,9.140262609056807
State_8,2021-07,7,7.7258109157972745
State_8,2021-08,8,5.219414338928657
State_8,2021-09,9,6.1577470820366536
State_8,2021-10,10,5.565843297511597
State_8,2021-11,11,9.26244794635489
State_8,2021-12,12,10.388715733739662
State_8,2022-01,13,13.864910218821985
State_8,2022-02,14,12.555972124302542
State_8,2022-03,15,10.421468898572618
State_8,2022-04,16,7.411621885323283
State_8,2022-05,17,6.225152158960597
State_8,2022-06,18,5.693331168674066
State_8,2022-07,19,7.992861116441917
State_8,2022-08,20,8.817774302137298
State_8,2022-09,21,10.348674159257687
State_8,2022-10,22,12.515120580188713
State_8,2022-11,23,15.848009477780813
State_8,2022-12,24,12.34679008834245
State_8,2023-01,25,10.044930684016673
State_8,2023-02,26,8.39905856931619
State_8,2023-03,27,5.7462355411486845
State_8,2023-04,28,6.753742549397368
State_8,2023-05,29,8.733725975984292
State_8,2023-06,30,10.492484259366318
State_9,2021-01,1,10.002729330091755
State_9,2021-02,2,11.585716067421616
State_9,2021-03,3,12.360469616832924
State_9,2021-04,4,10.326885642445394
State_9,2021-05,5,9.49871181227819
State_9,2021-06,6,5.508064961713059
State_9,2021-07,7,0.6290076790180268
State_9,2021-08,8,3.9718669076610666
State_9,2021-09,9,2.7603029349273065
State_9,2021-10,10,3.997233434025816
State_9,2021-11,11,8.36069288030344
State_9,2021-12,12,11.578485398421206
State_9,2022-01,13,12.234531941885638
State_9,2022-02,14,12.144661481659378
State_9,2022-03,15,10.241783816538486
State_9,2022-04,16,5.770469037118727
State_9,2022-05,17,3.6865414745091365
State_9,2022-06,18,0.9068106256204636
State_9,2022-07,19,2.4989186628042206
State_9,2022-08,20,7.116095855917227
State_9,2022-09,21,7.000072783344933
State_9,2022-10,22,11.68352714812501
State_9,2022-11,23,11.955922942307824
State_9,2022-12,24,11.165292583066309
State_9,2023-01,25,7.962826263264089
State_9,2023-02,26,6.440665236505029
State_9,2023-03,27,5.6552878861740705
State_9,2023-04,28,3.8562426704981814
State_9,2023-05,29,5.517786994488703
State_9,2023-06,30,7.509855047226559
State_10,2021-01,1,17.415184926920737
State_10,2021-02,2,22.59716049988761
State_10,2021-03,3,23.636594168611477
State_10,2021-04,4,22.028450497358424
State_10,2021-05,5,23.84863504519544
State_10,2021-06,6,21.932089689891697
State_10,2021-07,7,15.019571124864148
State_10,2021-08,8,15.639777438576548
State_10,2021-09,9,17.450561866914665
State_10,2021-10,10,18.10642858353293
State_10,2021-11,11,18.898027571769006
State_10,2021-12,12,23.995057276537974
State_10,2022-01,13,28.35400014458601
State_10,2022-02,14,25.188451437035155
State_10,2022-03,15,22.950891534985224
State_10,2022-04,16,19.470031486190585
State_10,2022-05,17,14.96266066217487
State_10,2022-06,18,15.214244811117934
State_10,2022-07,19,17.047447831821355
State_10,2022-08,20,20.13311295544756
State_10,2022-09,21,23.67759660785881
State_10,2022-10,22,23.907851601730364
State_10,2022-11,23,26.909341307435323
State_10,2022-12,24,26.16983526092433
State_10,2023-01,25,19.717164468200536
State_10,2023-02,26,20.750562588350235
State_10,2023-03,27,18.799858547088274
State_10,2023-04,28,20.47461228259639
State_10,2023-05,29,18.93442010992359
State_10,2023-06,30,20.88103344534192
State_11,2021-01,1,24.541227465922464
State_11,2021-02,2,28.347517558117616
State_11,2021-03,3,30.541512854708806
State_11,2021-04,4,29.308542933336906
State_11,2021-05,5,25.709606618265266
State_11,2021-06,6,24.140236257135594
State_11,2021-07,7,17.722446101082543
State_11,2021-08,8,17.826002826617515
State_11,2021-09,9,21.329551882892584
State_11,2021-10,10,18.55474936490125
State_11,2021-11,11,23.619653928874932
State_11,2021-12,12,29.34990548561406
State_11,2022-01,13,29.362982854823915
State_11,2022-02,14,26.61212691145826
State_11,2022-03,15,24.839118936699897
State_11,2022-04,16,19.629330224935757
State_11,2022-05,17,20.877491174258424
State_11,2022-06,18,17.820227699732833
State_11,2022-07,19,22.594002601207855
State_11,2022-08,20,22.254183167069552
State_11,2022-09,21,25.580670365412807
State_11,2022-10,22,28.17022870559362
State_11,2022-11,23,29.355846753635316
State_11,2022-12,24,28.138559247693596
State_11,2023-01,25,29.69273824931156
State_11,2023-02,26,20.151667604463118
State_11,2023-03,27,18.84808400355476
State_11,2023-04,28,18.976326515341803
State_11,2023-05,29,23.648865425236224
State_11,2023-06,30,21.21474279326269
State_12,2021-01,1,12.772090761869546
State_12,2021-02,2,13.191266657468592
State_12,2021-03,3,16.26695044485498
State_12,2021-04,4,15.303088519394258
State_12,2021-05,5,11.257384128785814
State_12,2021-06,6,11.46944717609281
State_12,2021-07,7,9.464702504388896
State_12,2021-08,8,6.404580376517132
State_12,2021-09,9,8.514720113801438
State_12,2021-10,10,8.168327896402392
State_12,2021-11,11,13.881038553237286
State_12,2021-12,12,16.56124112772905
State_12,2022-01,13,16.58159803921089
State_12,2022-02,14,14.563835367550611
State_12,2022-03,15,13.875958839903575
State_12,2022-04,16,14.336626384315007
State_12,2022-05,17,9.422298817709974
State_12,2022-06,18,6.510431748042466
State_12,2022-07,19,9.592156671087336
State_12,2022-08,20,10.84219148048231
State_12,2022-09,21,15.072437922452002
State_12,2022-10,22,19.29962198994302
State_12,2022-11,23,19.20252918827238
State_12,2022-12,24,17.292150569541114
State_12,2023-01,25,12.716899417709993
State_12,2023-02,26,8.817944240322127
State_12,2023-03,27,7.986774467959892
State_12,2023-04,28,5.492555695594992
State_12,2023-05,29,11.224701274388345
State_12,2023-06,30,13.28159149444319
State_13,2021-01,1,26.34494558338463
State_13,2021-02,2,29.80222579976139
State_13,2021-03,3,29.659118016582973
State_13,2021-04,4,30.538364136818274
State_13,2021-05,5,27.63524101696747
State_13,2021-06,6,24.798255646928727
State_13,2021-07,7,22.349228288303674
State_13,2021-08,8,19.56859278911856
State_13,2021-09,9,20.18518277757486
State_13,2021-10,10,24.07722879368156
State_13,2021-11,11,28.005857204698543
State_13,2021-12,12,29.05265317019884
State_13,2022-01,13,30.68389033858387
State_13,2022-02,14,30.818973214265064
State_13,2022-03,15,29.605187347423247
State_13,2022-04,16,23.511939971575117
State_13,2022-05,17,19.46710754357815
State_13,2022-06,18,19.356823451033634
State_13,2022-07,19,24.062649816602967
State_13,2022-08,20,28.311901075212447
State_13,2022-09,21,25.52988982485912
State_13,2022-10,22,28.429273837165603
State_13,2022-11,23,29.847332858952974
State_13,2022-12,24,30.34520223836516
State_13,2023-01,25,28.143528629957625
State_13,2023-02,26,21.588080818106214
State_13,2023-03,27,19.314894049830716
State_13,2023-04,28,19.964169356246092
State_13,2023-05,29,22.086354980324607
State_13,2023-06,30,28.197587310114265
State_14,2021-01,1,13.941677495208168
State_14,2021-02,2,18.091469978673576
State_14,2021-03,3,19.155122994930604
State_14,2021-04,4,22.804228597074005
State_14,2021-05,5,14.450086298291922
State_14,2021-06,6,14.55393567629095
State_14,2021-07,7,7.873346040795269
State_14,2021-08,8,7.64218165446242
State_14,2021-09,9,8.826921680288534
State_14,2021-10,10,14.285920273786683
State_14,2021-11,11,15.647323376366444
State_14,2021-12,12,16.89422740934529
State_14,2022-01,13,20.240069399990507
State_14,2022-02,14,19.333217149134107
State_14,2022-03,15,14.867195835641954
State_14,2022-04,16,10.817525534044183
State_14,2022-05,17,12.278232719803183
State_14,2022-06,18,9.283257296620777
State_14,2022-07,19,14.100026102579593
State_14,2022-08,20,14.538454666745784
State_14,2022-09,21,17.517164741019858
State_14,2022-10,22,18.060280686820445
State_14,2022-11,23,19.144425284804306
State_14,2022-12,24,18.07069153556045
State_14,2023-01,25,13.21574750389795
State_14,2023-02,26,13.317859246799353
State_14,2023-03,27,12.615668848156897
State_14,2023-04,28,9.331603898423289
State_14,2023-05,29,13.629465155576062
State_14,2023-06,30,14.256763945063355
State_15,2021-01,1,23.40356876763278
State_15,2021-02,2,25.0527567665034
State_15,2021-03,3,26.963258785473798
State_15,2021-04,4,27.74985130136132
State_15,2021-05,5,26.09325353795032
State_15,2021-06,6,23.766824713954463
State_15,2021-07,7,22.63826714258621
State_15,2021-08,8,20.530795335189257
State_15,2021-09,9,19.597900435484767
State_15,2021-10,10,23.549044058118604
State_15,2021-11,11,26.436402760156387
State_15,2021-12,12,27.975521185631894
State_15,2022-01,13,31.25548207243306
State_15,2022-02,14,28.796524623326373
State_15,2022-03,15,25.11111501996486
State_15,2022-04,16,22.00108181571578
State_15,2022-05,17,20.223652111629285
State_15,2022-06,18,18.815969812295855
State_15,2022-07,19,20.385744713202186
State_15,2022-08,20,24.728029189531217
State_15,2022-09,21,23.68688913181297
State_15,2022-10,22,27.094362110841562
State_15,2022-11,23,28.811985047100166
State_15,2022-12,24,27.15547597207528
State_15,2023-01,25,25.2395407475397
State_15,2023-02,26,22.510628611433166
State_15,2023-03,27,20.343965452290586
State_15,2023-04,28,20.167222760482087
State_15,2023-05,29,22.784931584824545
State_15,2023-06,30,26.504357705322953
State_16,2021-01,1,14.439002769053799
State_16,2021-02,2,13.96237073799118
State_16,2021-03,3,11.886796798174611
State_16,2021-04,4,18.12280916154458
State_16,2021-05,5,12.961992543392714
State_16,2021-06,6,12.370394334148717
State_16,2021-07,7,6.064582569447376
State_16,2021-08,8,8.354517455555351
State_16,2021-09,9,12.014436203574393
State_16,2021-10,10,10.30986969166716
State_16,2021-11,11,13.215337710955598
State_16,2021-12,12,14.710876542009846
State_16,2022-01,13,19.308310164134834
State_16,2022-02,14,17.775176798463047
State_16,2022-03,15,16.677343127213224
State_16,2022-04,16,9.791015150805098
State_16,2022-05,17,9.050240500794189
State_16,2022-06,18,6.89379452776217
State_16,2022-07,19,6.043218985663053
State_16,2022-08,20,12.771150055691816
State_16,2022-09,21,13.180098203643583
State_16,2022-10,22,19.499229094709694
State_16,2022-11,23,16.852349448361828
State_16,2022-12,24,16.576289221022495
State_16,2023-01,25,13.340501565659693
State_16,2023-02,26,10.743215022070217
State_16,2023-03,27,7.075721599854625
State_16,2023-04,28,5.918104988352905
State_16,2023-05,29,10.961041072166289
State_16,2023-06,30,12.624284584827508
State_17,2021-01,1,16.996007258326234
State_17,2021-02,2,19.148249574807586
State_17,2021-03,3,19.240320513587616
State_17,2021-04,4,22.079874666202876
State_17,2021-05,5,20.662222257852253
State_17,2021-06,6,15.786104425532868
State_17,2021-07,7,14.779643817512834
State_17,2021-08,8,13.654158788357758
State_17,2021-09,9,13.270174711032245
State_17,2021-10,10,15.906212903040705
State_17,2021-11,11,17.297169080520877
State_17,2021-12,12,19.704290109806017
State_17,2022-01,13,22.91224338615687
State_17,2022-02,14,20.675417320473986
State_17,2022-03,15,18.143224933601644
State_17,2022-04,16,16.542915822972493
State_17,2022-05,17,12.790563178439188
State_17,2022-06,18,15.531351625224456
State_17,2022-07,19,16.745739467144354
State_17,2022-08,20,17.446497045817722
State_17,2022-09,21,20.126835745694493
State_17,2022-10,22,21.704817214147152
State_17,2022-11,23,21.159596661344896
State_17,2022-12,24,20.83514488736336
State_17,2023-01,25,17.445318708415083
State_17,2023-02,26,16.026914081628572
State_17,2023-03,27,15.068950303319532
State_17,2023-04,28,14.446750884584333
State_17,2023-05,29,15.158385942786783
State_17,2023-06,30,16.472136491225815
State_18,2021-01,1,23.401227237167024
State_18,2021-02,2,24.622601155849114
State_18,2021-03,3,25.467226964918602
State_18,2021-04,4,25.105494790718385
State_18,2021-05,5,25.069704764479514
State_18,2021-06,6,22.089581144146837
State_18,2021-07,7,18.204399960434603
State_18,2021-08,8,17.017559764331864
State_18,2021-09,9,17.16416957197057
State_18,2021-10,10,20.396576608654417
State_18,2021-11,11,22.674602758215308
State_18,2021-12,12,25.229365753495326
State_18,2022-01,13,27.427983942407284
State_18,2022-02,14,25.585127889418093
State_18,2022-03,15,23.477141710218415
State_18,2022-04,16,21.47740535883175
State_18,2022-05,17,18.301342082327146
State_18,2022-06,18,18.227735917052616
State_18,2022-07,19,20.321505898158545
State_18,2022-08,20,23.32502185826219
State_18,2022-09,21,25.94176545244654
State_18,2022-10,22,28.535288073766274
State_18,2022-11,23,27.150777864696018
State_18,2022-12,24,28.149482819008924
State_18,2023-01,25,21.91162703475233
State_18,2023-02,26,22.53232745531351
State_18,2023-03,27,19.45024556727721
State_18,2023-04,28,18.892293020941143
State_18,2023-05,29,20.18883797406006
State_18,2023-06,30,23.18570203699804
State_19,2021-01,1,8.997695669907253
State_19,2021-02,2,12.464600891624318
State_19,2021-03,3,16.98200044095882
State_19,2021-04,4,13.3205407480432
State_19,2021-05,5,15.11610438527805
State_19,2021-06,6,11.882162302679914
State_19,2021-07,7,5.121133365634804
State_19,2021-08,8,6.425070894110874
State_19,2021-09,9,7.4841642287938415
State_19,2021-10,10,12.447269770640718
State_19,2021-11,11,11.0290414810736
State_19,2021-12,12,15.932439450969465
State_19,2022-01,13,12.341101837538293
State_19,2022-02,14,13.385777533342303
State_19,2022-03,15,11.669508362297044
State_19,2022-04,16,10.631788230787675
State_19,2022-05,17,5.246135925146701
State_19,2022-06,18,7.001221854460196
State_19,2022-07,19,7.309192492994575
State_19,2022-08,20,7.026724351528365
State_19,2022-09,21,12.52063681965957
State_19,2022-10,22,17.456909917790693
State_19,2022-11,23,13.624682842092302
State_19,2022-12,24,14.589901649939462
State_19,2023-01,25,9.652266358389168
State_19,2023-02,26,7.485087450478537
State_19,2023-03,27,8.652315371714609
State_19,2023-04,28,5.733250634923654
State_19,2023-05,29,9.405223902948476
State_19,2023-06,30,12.001971501278376
State_20,2021-01,1,21.76259792859876
State_20,2021-02,2,25.772829551805685
State_20,2021-03,3,26.02898170763722
State_20,2021-04,4,25.7476984868979
State_20,2021-05,5,25.15580598808107
State_20,2021-06,6,21.87422426811559
State_20,2021-07,7,20.087394157654963
State_20,2021-08,8,17.505877993018
State_20,2021-09,9,19.072833113540465
State_20,2021-10,10,20.411069933189353
State_20,2021-11,11,23.859910922766456
State_20,2021-12,12,27.710489320360622
State_20,2022-01,13,24.736766391704986
State_20,2022-02,14,24.483756388269633
State_20,2022-03,15,27.163588806119265
State_20,2022-04,16,21.507299721623085
State_20,2022-05,17,16.048021663785672
State_20,2022-06,18,17.8448049866178
State_20,2022-07,19,23.016298745736854
State_20,2022-08,20,22.35159527682436
State_20,2022-09,21,27.609372755768966
State_20,2022-10,22,28.09058151714819
State_20,2022-11,23,27.203200434254665
State_20,2022-12,24,26.934669624239817
State_20,2023-01,25,22.99244570577414
State_20,2023-02,26,20.194552900937335
State_20,2023-03,27,19.511038729853926
State_20,2023-04,28,18.465560612103836
State_20,2023-05,29,20.922694300150326
State_20,2023-06,30,24.84844791650299
State_21,2021-01,1,21.165999623655452
State_21,2021-02,2,25.48018156867478
State_21,2021-03,3,25.56910154586584
State_21,2021-04,4,26.948783542714853
State_21,2021-05,5,23.376263639202065
State_21,2021-06,6,20.595015234310555
State_21,2021-07,7,18.651168093914944
State_21,2021-08,8,16.110375019193768
State_21,2021-09,9,18.167596103268995
State_21,2021-10,10,19.336041152948148
State_21,2021-11,11,23.358268426377446
State_21,2021-12,12,23.21324532523458
State_21,2022-01,13,26.91538434331676
State_21,2022-02,14,23.648350111991192
State_21,2022-03,15,23.5664195661423
State_21,2022-04,16,21.612019116868712
State_21,2022-05,17,19.20929934692623
State_21,2022-06,18,15.80539210816568
State_21,2022-07,19,19.164781879000305
State_21,2022-08,20,21.565643372648953
State_21,2022-09,21,23.693169016807325
State_21,2022-10,22,25.044849503819236
State_21,2022-11,23,27.114706732832683
State_21,2022-12,24,25.58057206704141
State_21,2023-01,25,19.911032553319792
State_21,2023-02,26,17.98347842351743
State_21,2023-03,27,17.10331836103834
State_21,2023-04,28,19.644609469202432
State_21,2023-05,29,20.74008256853422
State_21,2023-06,30,24.41115847700402
State_22,2021-01,1,9.178066113128034
State_22,2021-02,2,12.604271109867248
State_22,2021-03,3,11.763611103870712
State_22,2021-04,4,13.368595829791914
State_22,2021-05,5,12.866892876870269
State_22,2021-06,6,7.585406249626539
State_22,2021-07,7,6.411791110446056
State_22,2021-08,8,7.312440644577699
State_22,2021-09,9,6.1295072057591495
State_22,2021-10,10,8.707285474855999
State_22,2021-11,11,6.27522511504909
State_22,2021-12,12,15.664613241581662
State_22,2022-01,13,13.644183909215695
State_22,2022-02,14,12.853675548380197
State_22,2022-03,15,11.34488147382856
State_22,2022-04,16,5.655845607113415
State_22,2022-05,17,7.545193478295481
State_22,2022-06,18,4.236889567949603
State_22,2022-07,19,4.841611303365787
State_22,2022-08,20,8.54079424358216
State_22,2022-09,21,13.333940026425015
State_22,2022-10,22,14.09205464924203
State_22,2022-11,23,11.832019486858576
State_22,2022-12,24,13.610385961015881
State_22,2023-01,25,10.213854479344356
State_22,2023-02,26,3.104891313556475
State_22,2023-03,27,7.981282513377377
State_22,2023-04,28,6.533720838581872
State_22,2023-05,29,6.323689721894939
State_22,2023-06,30,9.295309732927683
State_23,2021-01,1,16.312731227663747
State_23,2021-02,2,21.77814232222525
State_23,2021-03,3,20.26529293186776
State_23,2021-04,4,18.360747731325826
State_23,2021-05,5,17.795543973508703
State_23,2021-06,6,15.507477412866981
State_23,2021-07,7,9.612406204878443
State_23,2021-08,8,11.178194379392473
State_23,2021-09,9,11.381357819870406
State_23,2021-10,10,15.10796328114028
State_23,2021-11,11,17.910163544617262
State_23,2021-12,12,17.76265120751839
State_23,2022-01,13,21.74258488752442
State_23,2022-02,14,22.10873277247736
State_23,2022-03,15,16.78473254623488
State_23,2022-04,16,14.266030707415501
State_23,2022-05,17,9.856559199909595
State_23,2022-06,18,8.60207707900941
State_23,2022-07,19,11.349150578267382
State_23,2022-08,20,13.411492659135106
State_23,2022-09,21,17.57312107586075
State_23,2022-10,22,19.656919705092303
State_23,2022-11,23,19.619532103157326
State_23,2022-12,24,20.95309328053006
State_23,2023-01,25,15.494901090853192
State_23,2023-02,26,11.2006637759515
State_23,2023-03,27,11.94925331209963
State_23,2023-04,28,11.394959172251639
State_23,2023-05,29,11.92069724362772
State_23,2023-06,30,16.728572630293705
State_24,2021-01,1,6.296563095716519
State_24,2021-02,2,11.512711384828501
State_24,2021-03,3,14.67610751623959
State_24,2021-04,4,11.336767920978865
State_24,2021-05,5,9.997711949460081
State_24,2021-06,6,7.039419361145029
State_24,2021-07,7,4.357775196822475
State_24,2021-08,8,5.539767755093098
State_24,2021-09,9,4.837162057652129
State_24,2021-10,10,7.541732082634761
State_24,2021-11,11,10.575297098111617
State_24,2021-12,12,10.084203392871773
State_24,2022-01,13,11.982957990609535
State_24,2022-02,14,12.466924228601545
State_24,2022-03,15,10.01886866230581
State_24,2022-04,16,9.466712437592971
State_24,2022-05,17,5.043099967751795
State_24,2022-06,18,3.900537196278168
State_24,2022-07,19,5.137147408347711
State_24,2022-08,20,8.096461546570717
State_24,2022-09,21,11.597912923359758
State_24,2022-10,22,13.941549739724685
State_24,2022-11,23,12.088962689397396
State_24,2022-12,24,9.580499878682414
State_24,2023-01,25,8.710138885253944
State_24,2023-02,26,8.169504934528419
State_24,2023-03,27,4.11675197026111
State_24,2023-04,28,5.650147941388714
State_24,2023-05,29,6.990227674848327
State_24,2023-06,30,9.192320327315972
State_25,2021-01,1,25.56962446531405
State_25,2021-02,2,28.153934326627137
State_25,2021-03,3,27.369443093416173
State_25,2021-04,4,25.1809420185649
State_25,2021-05,5,24.399989521546516
State_25,2021-06,6,23.09012199525192
State_25,2021-07,7,18.81267029895494
State_25,2021-08,8,21.23130211154637
State_25,2021-09,9,19.6479862797424
State_25,2021-10,10,22.295883383140623
State_25,2021-11,11,24.838419166557905
State_25,2021-12,12,26.32622960769507
State_25,2022-01,13,26.06921794174283
State_25,2022-02,14,27.11086885720666
State_25,2022-03,15,28.944021090002877
State_25,2022-04,16,20.876742243517718
State_25,2022-05,17,16.6876461700409
State_25,2022-06,18,21.760866991112003
State_25,2022-07,19,20.559383204748098
State_25,2022-08,20,23.54928149712715
State_25,2022-09,21,27.258803142897282
State_25,2022-10,22,26.773429626432996
State_25,2022-11,23,28.362933595360033
State_25,2022-12,24,27.22988253455769
State_25,2023-01,25,26.739611412824207
State_25,2023-02,26,20.496486658406027
State_25,2023-03,27,21.722962110334308
State_25,2023-04,28,20.13892972046847
State_25,2023-05,29,20.720534675988798
State_25,2023-06,30,24.282715337482927
State_26,2021-01,1,5.17673543188478
State_26,2021-02,2,11.704073304941218
State_26,2021-03,3,10.278919542528051
State_26,2021-04,4,10.71399490685805
State_26,2021-05,5,11.899116998024583
State_26,2021-06,6,7.546152602957479
State_26,2021-07,7,3.863164173418896
State_26,2021-08,8,4.790513150991593
State_26,2021-09,9,5.839354678508334
State_26,2021-10,10,6.839892176996185
State_26,2021-11,11,7.432264244245775
State_26,2021-12,12,12.180699984360626
State_26,2022-01,13,11.712627653836787
State_26,2022-02,14,13.19718005673157
State_26,2022-03,15,8.312562634895153
State_26,2022-04,16,5.154885909588154
State_26,2022-05,17,2.8235926910165356
State_26,2022-06,18,3.272099359220198
State_26,2022-07,19,5.447574580613928
State_26,2022-08,20,6.801486517763255
State_26,2022-09,21,10.622499481277446
State_26,2022-10,22,12.66698145820723
State_26,2022-11,23,12.06538768814176
State_26,2022-12,24,10.18303757792217
State_26,2023-01,25,6.481230152389741
State_26,2023-02,26,6.946686700926826
State_26,2023-03,27,4.253399228632976
State_26,2023-04,28,1.1564893885114267
State_26,2023-05,29,6.7467991105840825
State_26,2023-06,30,11.759628681238702
State_27,2021-01,1,13.008290160171644
State_27,2021-02,2,16.998051961529033
State_27,2021-03,3,18.11381198822821
State_27,2021-04,4,19.43691156069391
State_27,2021-05,5,14.369661534845903
State_27,2021-06,6,13.869168114263418
State_27,2021-07,7,13.571736245467276
State_27,2021-08,8,11.546395785565693
State_27,2021-09,9,9.922429474590936
State_27,2021-10,10,12.031868159383064
State_27,2021-11,11,12.352917197535467
State_27,2021-12,12,18.480819826353954
State_27,2022-01,13,19.508239181085415
State_27,2022-02,14,17.011491667628476
State_27,2022-03,15,14.903119693827097
State_27,2022-04,16,12.169043656249992
State_27,2022-05,17,10.884014612184597
State_27,2022-06,18,10.678863319440712
State_27,2022-07,19,10.560159753228115
State_27,2022-08,20,11.782610828683215
State_27,2022-09,21,15.77090699664528
State_27,2022-10,22,19.651642480850104
State_27,2022-11,23,19.685104181053102
State_27,2022-12,24,18.05004095561754
State_27,2023-01,25,17.032145387733287
State_27,2023-02,26,11.938004253971771
State_27,2023-03,27,13.743984528534618
State_27,2023-04,28,11.585077933757974
State_27,2023-05,29,9.849788207795358
State_27,2023-06,30,17.743330996635628
State_28,2021-01,1,10.264198139022163
State_28,2021-02,2,13.686618598393226
State_28,2021-03,3,17.04344498302231
State_28,2021-04,4,14.257238037737597
State_28,2021-05,5,14.036430203387924
State_28,2021-06,6,13.768568087347912
State_28,2021-07,7,10.05586030430227
State_28,2021-08,8,9.238015176785682
State_28,2021-09,9,7.864851550961703
State_28,2021-10,10,9.058783116224426
State_28,2021-11,11,14.636795117243233
State_28,2021-12,12,17.601277274346828
State_28,2022-01,13,17.52865305204181
State_28,2022-02,14,16.570866947966103
State_28,2022-03,15,12.543874792297267
State_28,2022-04,16,13.610818324927296
State_28,2022-05,17,9.14742775570964
State_28,2022-06,18,8.243588772890863
State_28,2022-07,19,9.282415987219588
State_28,2022-08,20,12.090589934774776
State_28,2022-09,21,15.697184888698171
State_28,2022-10,22,16.829932860033097
State_28,2022-11,23,18.52394448362556
State_28,2022-12,24,15.24744140228126
State_28,2023-01,25,13.180226537030046
State_28,2023-02,26,11.410286157196074
State_28,2023-03,27,9.916651262631914
State_28,2023-04,28,7.8244302905247265
State_28,2023-05,29,10.162204609458277
State_28,2023-06,30,13.514982875547783
State_29,2021-01,1,10.653104352226762
State_29,2021-02,2,11.627876224668404
State_29,2021-03,3,12.232789476297153
State_29,2021-04,4,13.496548613721828
State_29,2021-05,5,12.763345027180993
State_29,2021-06,6,9.853906090800832
State_29,2021-07,7,7.595636468632896
State_29,2021-08,8,5.81131664606821
State_29,2021-09,9,7.82590193866423
State_29,2021-10,10,8.702090653498907
State_29,2021-11,11,12.469541054757897
State_29,2021-12,12,12.734721139480502
State_29,2022-01,13,13.093670662287956
State_29,2022-02,14,12.97645846136397
State_29,2022-03,15,10.701290772979759
State_29,2022-04,16,10.931866378844292
State_29,2022-05,17,8.419156148225522
State_29,2022-06,18,6.195958897414422
State_29,2022-07,19,7.655274791540791
State_29,2022-08,20,9.534369493747493
State_29,2022-09,21,10.560774563859981
State_29,2022-10,22,15.448903929529678
State_29,2022-11,23,13.334590548989409
State_29,2022-12,24,14.742342326312968
State_29,2023-01,25,11.741141440156095
State_29,2023-02,26,9.812845490580921
State_29,2023-03,27,8.254654141504666
State_29,2023-04,28,7.791287732091438
State_29,2023-05,29,8.420802944249543
State_29,2023-06,30,10.590941458087316
State_30,2021-01,1,10.142176527596344
State_30,2021-02,2,11.743060355942445
State_30,2021-03,3,14.150658374827652
State_30,2021-04,4,16.957817328905485
State_30,2021-05,5,11.942340072875528
State_30,2021-06,6,9.701895764154315
State_30,2021-07,7,7.396970417645607
State_30,2021-08,8,5.198870007591013
State_30,2021-09,9,6.9688382076228805
State_30,2021-10,10,9.02119795670284
State_30,2021-11,11,10.46560634699961
State_30,2021-12,12,14.438540071003256
State_30,2022-01,13,13.863834104763566
State_30,2022-02,14,15.675091714812426
State_30,2022-03,15,11.73900341508153
State_30,2022-04,16,9.296489641111252
State_30,2022-05,17,8.188770075470734
State_30,2022-06,18,5.796266509855418
State_30,2022-07,19,7.764995157237075
State_30,2022-08,20,8.357361469531153
State_30,2022-09,21,14.727523652474993
State_30,2022-10,22,13.73848026078199
State_30,2022-11,23,12.424137966424862
State_30,2022-12,24,13.410175211695249
State_30,2023-01,25,10.371592886008045
State_30,2023-02,26,7.995810436254459
State_30,2023-03,27,6.068425253099095
State_30,2023-04,28,8.177516413917823
State_30,2023-05,29,7.563233117486027
State_30,2023-06,30,10.573140749362494
State_31,2021-01,1,15.905830417792071
State_31,2021-02,2,18.337520731575427
State_31,2021-03,3,18.5636265372046
State_31,2021-04,4,20.81123521427274
State_31,2021-05,5,20.866225659468043
State_31,2021-06,6,16.372405801319612
State_31,2021-07,7,15.615634824685124
State_31,2021-08,8,12.751586891258334
State_31,2021-09,9,15.350899605346612
State_31,2021-10,10,17.410818411035304
State_31,2021-11,11,17.97621149529612
State_31,2021-12,12,22.087648333261047
State_31,2022-01,13,22.163537930673566
State_31,2022-02,14,20.999513088634124
State_31,2022-03,15,20.378469761852433
State_31,2022-04,16,16.50297119749833
State_31,2022-05,17,12.257515219564283
State_31,2022-06,18,13.925904461216799
State_31,2022-07,19,14.722633264486257
State_31,2022-08,20,16.741507756449966
State_31,2022-09,21,19.625204900851845
State_31,2022-10,22,21.497156960047487
State_31,2022-11,23,21.788138592647343
State_31,2022-12,24,21.455760126861623
State_31,2023-01,25,18.33114452890964
State_31,2023-02,26,16.606567199669794
State_31,2023-03,27,15.29798909486851
State_31,2023-04,28,15.776244593699591
State_31,2023-05,29,17.669667922005573
State_31,2023-06,30,18.658725181776543
State_32,2021-01,1,25.69455385606509
State_32,2021-02,2,29.42221524692664
State_32,2021-03,3,28.404205520161177
State_32,2021-04,4,29.52444771183548
State_32,2021-05,5,28.712540936919346
State_32,2021-06,6,25.326710995769943
State_32,2021-07,7,20.200576295255217
State_32,2021-08,8,18.3100259357604
State_32,2021-09,9,19.75219004887175
State_32,2021-10,10,22.58518322788293
State_32,2021-11,11,26.776993509042256
State_32,2021-12,12,28.959173578186473
State_32,2022-01,13,29.24249052217577
State_32,2022-02,14,28.701997673564406
State_32,2022-03,15,26.417714963506082
State_32,2022-04,16,26.490538168732456
State_32,2022-05,17,21.685570773331804
State_32,2022-06,18,19.49276187523118
State_32,2022-07,19,21.618744889872627
State_32,2022-08,20,23.962927744486095
State_32,2022-09,21,24.817919712322585
State_32,2022-10,22,28.41868433518968
State_32,2022-11,23,29.211761607942343
State_32,2022-12,24,26.49217491908769
State_32,2023-01,25,26.986692098920827
State_32,2023-02,26,21.62454487107507
State_32,2023-03,27,20.844147282452926
State_32,2023-04,28,20.901392645619154
State_32,2023-05,29,21.606757318119325
State_32,2023-06,30,24.841256253147456
State_33,2021-01,1,23.57885373457024
State_33,2021-02,2,27.53464732536968
State_33,2021-03,3,33.65631859647919
State_33,2021-04,4,26.62211047625307
State_33,2021-05,5,26.59695961829446
State_33,2021-06,6,25.13857041457418
State_33,2021-07,7,21.96565727926055
State_33,2021-08,8,21.147434949796665
State_33,2021-09,9,16.555984103301775
State_33,2021-10,10,23.67278984440492
State_33,2021-11,11,23.63543728915016
State_33,2021-12,12,27.897686015394335
State_33,2022-01,13,30.003857718782374
State_33,2022-02,14,31.977572533420194
State_33,2022-03,15,27.285036282504013
State_33,2022-04,16,22.386134299357934
State_33,2022-05,17,18.947658784079543
State_33,2022-06,18,18.987521633182226
State_33,2022-07,19,21.345378890061014
State_33,2022-08,20,24.176877954999245
State_33,2022-09,21,24.728817387886405
State_33,2022-10,22,28.483263806525553
State_33,2022-11,23,30.46524545606472
State_33,2022-12,24,29.02265484034408
State_33,2023-01,25,27.324766740517937
State_33,2023-02,26,20.34910547937959
State_33,2023-03,27,21.799316016285218
State_33,2023-04,28,20.81383243685657
State_33,2023-05,29,21.44625430577813
State_33,2023-06,30,25.744256012333246
State_34,2021-01,1,21.69689187787178
State_34,2021-02,2,24.37607891513999
State_34,2021-03,3,24.48713530938047
State_34,2021-04,4,23.72418969229492
State_34,2021-05,5,25.870239793707455
State_34,2021-06,6,20.055928677041607
State_34,2021-07,7,17.716341452470267
State_34,2021-08,8,17.98238563052879
State_34,2021-09,9,16.831202451540122
State_34,2021-10,10,20.230953516019248
State_34,2021-11,11,23.30138126512955
State_34,2021-12,12,22.779789578213787
State_34,2022-01,13,25.619889009896543
State_34,2022-02,14,25.06358126018194
State_34,2022-03,15,24.23587945101851
State_34,2022-04,16,20.42308121071781
State_34,2022-05,17,17.19365425913253
State_34,2022-06,18,16.680195816371274
State_34,2022-07,19,19.90275635008677
State_34,2022-08,20,20.37053871656528
State_34,2022-09,21,23.751854637978166
State_34,2022-10,22,27.119159875750878
State_34,2022-11,23,22.420368017490013
State_34,2022-12,24,27.579576755585606
State_34,2023-01,25,21.236609845068863
State_34,2023-02,26,19.56867158762429
State_34,2023-03,27,15.607891296458511
State_34,2023-04,28,16.722065086112256
State_34,2023-05,29,20.732650636323406
State_34,2023-06,30,19.08646030641045
State_35,2021-01,1,27.31333807618338
State_35,2021-02,2,27.841267629906504
State_35,2021-03,3,29.875700059508233
State_35,2021-04,4,28.984751380066346
State_35,2021-05,5,27.29984975362798
State_35,2021-06,6,23.81060132157952
State_35,2021-07,7,20.52207400614486
State_35,2021-08,8,18.974683448440164
State_35,2021-09,9,21.32799809952771
State_35,2021-10,10,25.630844912242743
State_35,2021-11,11,24.004495478398795
State_35,2021-12,12,27.949587021101333
State_35,2022-01,13,29.559665850527235
State_35,2022-02,14,29.25338157746503
State_35,2022-03,15,27.72248937001887
State_35,2022-04,16,24.098579361794098
State_35,2022-05,17,21.7512585270732
State_35,2022-06,18,21.82436324517065
State_35,2022-07,19,22.956109232274798
State_35,2022-08,20,25.464438150188503
State_35,2022-09,21,27.852028996596616
State_35,2022-10,22,31.128774751890116
State_35,2022-11,23,29.233743402096593
State_35,2022-12,24,28.061083877076275
State_35,2023-01,25,27.59653058688044
State_35,2023-02,26,21.468775993423165
State_35,2023-03,27,22.00954613507449
State_35,2023-04,28,21.599488691482318
State_35,2023-05,29,20.448741962876785
State_35,2023-06,30,25.268195538533757
