state,year,cigsale,lnincome,beer,age15to24,retprice
Rhode Island,1970,123.9,,,.18315789,39.299999
Tennessee,1970,99.800003,,,.17804381,39.900002
Indiana,1970,134.60001,,,.17651588,30.6
Nevada,1970,189.5,,,.16155419,38.900002
Louisiana,1970,115.9,,,.18518518,34.299999
Oklahoma,1970,108.4,,,.17545916,38.400002
New Hampshire,1970,265.70001,,,.17073171,31.4
North Dakota,1970,93.800003,,,.18446602,37.299999
Arkansas,1970,100.3,,,.16900676,36.700001
Virginia,1970,124.3,,,.18942162,28.799999
Illinois,1970,124.8,,,.16696669,41.400002
South Dakota,1970,92.699997,,,.17867868,38.5
Utah,1970,65.5,,,.20207743,34.599998
Georgia,1970,109.9,,,.18744551,34.299999
Mississippi,1970,93.400002,,,.18313035,36.200001
Colorado,1970,124.8,,,.19095023,29.4
Minnesota,1970,104.3,,,.17472412,39.099998
California,1970,123,,,.17815833,38.799999
Texas,1970,106.4,,,.18314135,40.400002
Kentucky,1970,155.8,,,.18131015,28.299999
Maine,1970,128.5,,,.16901408,38
North Carolina,1970,172.39999,,,.19354838,27.299999
Montana,1970,111.2,,,.1757925,34
Vermont,1970,122.6,,,.17977528,37.700001
Iowa,1970,108.5,,,.16884956,37.700001
Connecticut,1970,120,,,.16292876,42.200001
Kansas,1970,114,,,.18052468,34.200001
Delaware,1970,155,,,.17335767,39
Wisconsin,1970,106.4,,,.17428701,38.5
Idaho,1970,102.4,,,.17812061,33.799999
New Mexico,1970,90,,,.18485743,39.700001
West Virginia,1970,114.5,,,.17259175,33.700001
Pennsylvania,1970,107.3,,,.16337599,38.400002
South Carolina,1970,103.6,,,.20030876,32.5
Ohio,1970,121.6,,,.17321949,36.599998
Nebraska,1970,108.1,,,.17373738,33.900002
Missouri,1970,121.3,,,.16759299,36
Alabama,1970,89.800003,,,.17886178,39.599998
Wyoming,1970,132.2,,,.1746988,34.099998
Illinois,1971,125.6,,,.1689976,41.400002
New Hampshire,1971,278,,,.1723339,34.099998
South Dakota,1971,96.699997,,,.18049243,38.5
Kentucky,1971,163.5,,,.18229958,30.1
Wyoming,1971,131.7,,,.17722893,34.400002
Montana,1971,115.6,,,.1771459,34.700001
Mississippi,1971,105.4,,,.18437305,37.5
Kansas,1971,102.8,,,.18155004,38.900002
Delaware,1971,161.10001,,,.17588721,41.299999
Utah,1971,67.699997,,,.20206134,36.599998
Oklahoma,1971,115.4,,,.17652482,39.799999
Maine,1971,133.2,,,.17033489,38.799999
Georgia,1971,115.7,,,.18786626,35.799999
Virginia,1971,128.39999,,,.18987352,30.200001
Missouri,1971,127.6,,,.16925956,36.799999
Alabama,1971,95.400002,,,.17992784,42.700001
North Dakota,1971,98.5,,,.18638696,38.900002
North Carolina,1971,187.60001,,,.19367671,29.4
Idaho,1971,108.5,,,.17609245,33.599998
New Mexico,1971,92.599998,,,.1860954,41.700001
Pennsylvania,1971,106.3,,,.16508459,44.700001
Arkansas,1971,104.1,,,.16995385,38.799999
Tennessee,1971,106.3,,,.17881927,41.599998
Nebraska,1971,108.6,,,.17521714,34.700001
Texas,1971,108.9,,,.18430856,42
Ohio,1971,124.6,,,.17453988,38.099998
Wisconsin,1971,105.4,,,.17634407,40.200001
Iowa,1971,108.4,,,.170839,38.5
West Virginia,1971,111.5,,,.17312744,41.599998
California,1971,121,,,.17929636,39.700001
Colorado,1971,125.5,,,.19164759,31.1
South Carolina,1971,115,,,.20048928,34.299999
Nevada,1971,190.5,,,.16377378,44
Indiana,1971,139.3,,,.17797175,32.200001
Minnesota,1971,116.4,,,.17673159,40.099998
Louisiana,1971,119.8,,,.18678078,39.299999
Rhode Island,1971,123.2,,,.1838495,40.200001
Vermont,1971,124.4,,,.18136722,39.5
Connecticut,1971,117.6,,,.1646539,45.5
Georgia,1972,117,9.6388903,,.18828699,40.900002
Utah,1972,71.300003,9.6011219,,.20204525,37.200001
Kentucky,1972,179.39999,9.5474825,,.18328904,30.6
South Dakota,1972,103,9.6308489,,.18230619,39.099998
Maine,1972,136.5,9.5971403,,.17165571,41.5
Ohio,1972,124.4,9.7795792,,.17586027,38.400002
Tennessee,1972,111.5,9.5697165,,.17959471,41.599998
Nebraska,1972,104.9,9.7464752,,.17669691,41.099998
Rhode Island,1972,134.39999,9.7702112,,.18454109,41.599998
Texas,1972,108.6,9.675209,,.18547577,46.900002
New Hampshire,1972,296.20001,9.7363758,,.17393607,36.099998
Oklahoma,1972,121.7,9.6250267,,.17759047,39.799999
Pennsylvania,1972,109,9.7842741,,.16679317,44.700001
Idaho,1972,126.1,9.6518393,,.17406429,33.700001
Iowa,1972,109.4,9.7302647,,.17282845,41.900002
Montana,1972,122.2,9.6946411,,.17849931,40.099998
Colorado,1972,134.3,9.8055477,,.19234496,31.200001
Vermont,1972,138,9.673069,,.18295917,40
California,1972,123.5,9.9308138,,.18043439,39.900002
South Carolina,1972,118.7,9.5093088,,.20066981,34.099998
Nevada,1972,198.60001,9.9442329,,.16599335,40.599998
Kansas,1972,111,9.7681179,,.1825754,38.799999
Arkansas,1972,103.9,9.4645138,,.17090096,44.099998
North Carolina,1972,214.10001,9.5908585,,.19380504,28.700001
Louisiana,1972,125.3,9.5173645,,.18837638,40
Virginia,1972,137,9.7364054,,.19032541,29.9
West Virginia,1972,117.5,9.5429878,,.17366314,41.299999
Minnesota,1972,96.800003,9.7651882,,.17873906,45.200001
Mississippi,1972,112.1,9.3974495,,.18561575,37.400002
Missouri,1972,130,9.7333536,,.17092612,37.700001
Wyoming,1972,140,9.7667103,,.17975904,34.400002
North Dakota,1972,103.8,9.6972351,,.18830788,38.900002
Connecticut,1972,110.8,9.9811373,,.16637905,51.299999
Indiana,1972,149.2,9.7318726,,.17942764,32.5
Delaware,1972,156.3,9.9099302,,.17841677,44.700001
Illinois,1972,126.6,9.9081612,,.17102851,41.900002
Alabama,1972,101.1,9.498476,,.1809939,42.299999
New Mexico,1972,99.300003,9.5577898,,.18733338,41.099998
Wisconsin,1972,108.8,9.749259,,.17840113,40.299999
Montana,1973,119.9,9.7757425,,.17985272,40.900002
Louisiana,1973,126.7,9.5641108,,.189972,39.900002
Kansas,1973,115.2,9.8382292,,.18360078,39.299999
Virginia,1973,143.10001,9.7815247,,.19077729,30.1
Connecticut,1973,109.3,10.012989,,.16810419,50.599998
North Dakota,1973,108.7,9.984169,,.19022882,39.400002
Mississippi,1973,115,9.4570627,,.18685845,37.299999
Wisconsin,1973,109.5,9.7977514,,.18045819,42.599998
Missouri,1973,132.10001,9.7807522,,.1725927,37.700001
Tennessee,1973,109.7,9.6309748,,.18037015,40.799999
New Mexico,1973,98.900002,9.5927162,,.18857135,41.799999
North Carolina,1973,226.5,9.6449947,,.19393337,28.9
Wyoming,1973,141.2,9.8434849,,.18228915,34.400002
Georgia,1973,119.8,9.684865,,.18870774,42.400002
Idaho,1973,121.8,9.7210512,,.17203613,36.299999
West Virginia,1973,116.6,9.5696554,,.17419884,39.900002
Nebraska,1973,106.6,9.8352985,,.17817667,41.200001
Texas,1973,110.4,9.7254438,,.18664297,46.400002
Pennsylvania,1973,110.7,9.8210878,,.16850176,44.900002
Vermont,1973,146.8,9.6991587,,.18455112,39.799999
New Hampshire,1973,279,9.7749453,,.17553826,36.900002
Illinois,1973,124.4,9.9615965,,.1730594,41
South Dakota,1973,103.5,9.8087807,,.18411994,39.599998
Iowa,1973,110.6,9.8583717,,.17481789,41.900002
Ohio,1973,120.5,9.8266315,,.17718066,42
Indiana,1973,156,9.8068829,,.18088353,32.900002
Minnesota,1973,106.8,9.8620453,,.18074653,45.599998
Utah,1973,72.699997,9.626667,,.20202915,36.5
Oklahoma,1973,124.1,9.6824188,,.17865612,40.400002
Rhode Island,1973,142,9.7852039,,.1852327,40.599998
Maine,1973,138,9.6472855,,.17297652,41
South Carolina,1973,125.5,9.5639935,,.20085034,33.5
Delaware,1973,154.7,9.9481773,,.18094632,44
California,1973,124.4,9.9550924,,.18157241,39.900002
Colorado,1973,137.89999,9.8484135,,.19304232,32.700001
Arkansas,1973,108,9.5568304,,.17184804,45.099998
Nevada,1973,201.5,9.9806318,,.16821294,40.299999
Alabama,1973,102.9,9.550107,,.18205994,42.099998
Kentucky,1973,201.89999,9.598115,,.18427849,30.6
Rhode Island,1974,146.10001,9.7659454,,.18592431,41.299999
Idaho,1974,125.6,9.7462626,,.17000796,38
Minnesota,1974,110.6,9.8283424,,.182754,47
Kansas,1974,118.6,9.8108969,,.18462615,40.200001
Nevada,1974,204.7,9.9286232,,.17043251,41.900002
South Dakota,1974,108.4,9.6978235,,.18593369,40.400002
Oklahoma,1974,130.5,9.6751032,,.17972177,41
Pennsylvania,1974,114.2,9.8142262,,.17021035,46.599998
California,1974,126.7,9.947999,,.18271044,41.900002
Tennessee,1974,114.8,9.6094961,,.18114561,42.5
Maine,1974,142.10001,9.6362343,,.17429733,41.799999
Illinois,1974,131.89999,9.9463148,,.17509031,41.900002
West Virginia,1974,119.9,9.5655956,,.17473453,42
Delaware,1974,151.3,9.9182577,,.18347588,44.200001
Kentucky,1974,212.39999,9.6005249,,.18526793,31.5
Indiana,1974,159.60001,9.7631845,,.1823394,34.5
Texas,1974,114.7,9.7229862,,.18781018,47.5
Arkansas,1974,109.7,9.5422859,,.17279513,45.5
New Hampshire,1974,269.79999,9.7473078,,.17714043,37.900002
New Mexico,1974,100.3,9.5847664,,.18980932,43.700001
Wyoming,1974,145.8,9.8592901,,.18481928,35.799999
Missouri,1974,135.39999,9.7390146,,.17425928,38
Ohio,1974,122.1,9.8118534,,.17850105,42.900002
Nebraska,1974,110.5,9.766387,,.17965645,42
South Carolina,1974,129.7,9.5587463,,.20103087,35.200001
Louisiana,1974,129.89999,9.5798197,,.1915676,41.599998
Georgia,1974,123.7,9.6599808,,.18912847,42.400002
North Carolina,1974,227.3,9.6212044,,.1940617,30.1
Mississippi,1974,117.1,9.4363928,,.18810114,41.400002
Utah,1974,75.599998,9.6121693,,.20201306,37.799999
Virginia,1974,149.60001,9.7725172,,.19122918,31.299999
North Dakota,1974,110.5,9.8643074,,.19214974,39.900002
Connecticut,1974,112.4,9.9885349,,.16982932,52.5
Vermont,1974,151.8,9.6617918,,.18614306,41.299999
Colorado,1974,132.8,9.8404512,,.19373968,38.099998
Iowa,1974,116.1,9.7882767,,.17680733,43.200001
Alabama,1974,108.2,9.5371628,,.183126,43.099998
Montana,1974,121.9,9.7400379,,.18120612,41.799999
Wisconsin,1974,111.8,9.7823486,,.18251525,43.900002
Utah,1975,75.800003,9.6010208,,.20199697,40.5
Colorado,1975,131,9.8284607,,.19443706,41.700001
Kentucky,1975,223,9.5793238,,.18625736,33.299999
Vermont,1975,155.5,9.6371241,,.18773499,41.799999
Connecticut,1975,110.2,9.9607487,,.17155448,54.5
Alabama,1975,111.7,9.5400314,,.18419206,46.599998
South Carolina,1975,130.5,9.527854,,.20121139,38.099998
West Virginia,1975,123.2,9.5853043,,.17527023,45.200001
New Hampshire,1975,269.10001,9.7188511,,.17874262,40.799999
Missouri,1975,135.60001,9.7308102,,.17592585,43.5
Oklahoma,1975,132.89999,9.6826162,,.18078743,43.599998
Montana,1975,123.7,9.7246466,,.18255952,43.700001
Ohio,1975,122.5,9.7832298,,.17982145,46
Maine,1975,140.7,9.6008902,,.17561814,46.700001
California,1975,127.1,9.9371672,,.18384847,45
Pennsylvania,1975,114.6,9.8045158,,.17191894,49.799999
Mississippi,1975,116.8,9.4136028,,.18934384,43
Arkansas,1975,114.8,9.5140944,,.17374223,48.599998
New Mexico,1975,103.1,9.5968895,,.19104728,46.299999
Wyoming,1975,160.7,9.8481045,,.18734941,38.599998
Texas,1975,116,9.7346134,,.18897739,50.599998
Delaware,1975,147.60001,9.8875313,,.18600543,45.900002
Tennessee,1975,117.4,9.5845461,,.18192106,45.299999
Wisconsin,1975,113.5,9.7661839,,.18457231,46.599998
Iowa,1975,120.5,9.8002882,,.17879677,45.400002
Illinois,1975,131.8,9.9341898,,.17712122,45.200001
Nebraska,1975,114.1,9.797554,,.18113621,44.599998
North Dakota,1975,117.9,9.8067036,,.19407068,42.599998
South Dakota,1975,113.5,9.6944618,,.18774745,42.799999
Indiana,1975,162.39999,9.7436609,,.18379527,36.700001
Idaho,1975,123.3,9.6922007,,.16797981,40.299999
Rhode Island,1975,154.7,9.7571259,,.18661591,44.299999
Nevada,1975,205.2,9.9154587,,.1726521,44.5
Kansas,1975,123.4,9.8006124,,.18565151,42.700001
Georgia,1975,122.9,9.6296091,,.18954922,44.5
North Carolina,1975,226,9.5906782,,.19419003,32.900002
Virginia,1975,152.7,9.7617769,,.19168107,33.599998
Louisiana,1975,133.60001,9.5852079,,.1931632,44.299999
Minnesota,1975,111.5,9.8016319,,.18476146,49.400002
Idaho,1976,125.1,9.731101,,.16595164,42.5
West Virginia,1976,129.7,9.6261644,,.17580593,48.400002
Iowa,1976,124.4,9.8033323,,.18078622,47.799999
Ohio,1976,124.6,9.8318577,,.18114184,48.5
Missouri,1976,139.5,9.769454,,.17759241,44.700001
Wisconsin,1976,115.4,9.8076086,,.18662938,51.299999
California,1976,128,9.9768581,,.1849865,48.299999
Oklahoma,1976,138.60001,9.7122602,,.18185309,46.400002
Nevada,1976,201.39999,9.9552307,,.17487168,44.900002
Texas,1976,121.4,9.7809973,,.19014458,53.299999
Georgia,1976,125.9,9.6714296,,.18996997,47.900002
Wyoming,1976,161.5,9.8714981,,.18987952,42.599998
Delaware,1976,153,9.9206848,,.18853498,50.099998
Colorado,1976,134.2,9.8589134,,.19513442,44.799999
Nebraska,1976,118.1,9.7879744,,.18261597,46.799999
Connecticut,1976,113.4,9.993227,,.17327961,57.599998
Maine,1976,144.89999,9.6716871,,.17693897,49.900002
South Carolina,1976,136.8,9.574728,,.20139192,41
Minnesota,1976,116.7,9.8249302,,.18676895,52.099998
South Dakota,1976,116.7,9.6236677,,.18956119,45
Utah,1976,77.900002,9.6451597,,.20198087,43.400002
Arkansas,1976,119.1,9.5581532,,.17468932,50.900002
North Carolina,1976,230.2,9.6371355,,.19431837,35.799999
Alabama,1976,116.2,9.5919075,,.18525812,50.400002
New Hampshire,1976,290.5,9.7770433,,.18034481,43.900002
Montana,1976,124.9,9.7307987,,.18391293,45.299999
Kansas,1976,127.7,9.8306255,,.18667687,46.599998
Illinois,1976,134.39999,9.965498,,.17915213,48.400002
Kentucky,1976,230.89999,9.6248569,,.18724681,36
North Dakota,1976,125.4,9.7255096,,.19599162,45.900002
Vermont,1976,171.10001,9.6807137,,.18932694,47.099998
Louisiana,1976,139.60001,9.6443291,,.1947588,48.099998
Indiana,1976,166.60001,9.7987547,,.18525116,38.700001
New Mexico,1976,102.4,9.632618,,.19228525,49.5
Rhode Island,1976,150.2,9.795517,,.18730751,52.200001
Tennessee,1976,121.7,9.6320295,,.18269651,48.299999
Pennsylvania,1976,118.8,9.8433104,,.17362754,52.299999
Virginia,1976,158.10001,9.7995729,,.19213296,37.900002
Mississippi,1976,120.9,9.4779911,,.19058652,46.400002
Arkansas,1977,122.6,9.5909233,,.17563641,52.599998
Missouri,1977,140.8,9.8080416,,.17925899,45.900002
Oklahoma,1977,140.39999,9.7403669,,.18291874,47.900002
Colorado,1977,132,9.8884468,,.19583178,44.700001
Indiana,1977,173,9.8333149,,.18670705,40.599998
Illinois,1977,134,9.9969492,,.18118304,49.400002
Vermont,1977,169.39999,9.6877613,,.19091889,47
West Virginia,1977,133.89999,9.6583643,,.17634162,48.900002
Alabama,1977,117.1,9.6174955,,.18632418,50.099998
Delaware,1977,153.3,9.9337788,,.19106454,51.700001
North Carolina,1977,217,9.6569748,,.1944467,36.599998
New Mexico,1977,102.4,9.6699677,,.19352323,51.599998
Ohio,1977,127.3,9.8724022,,.18246223,49.799999
Nebraska,1977,117.7,9.8011265,,.18409574,48.099998
Kansas,1977,127.9,9.8480768,,.18770224,48.099998
California,1977,126.4,10.0027,,.18612453,49
Montana,1977,127,9.7327766,,.18526635,47.599998
Wyoming,1977,160.39999,9.9239206,,.19240963,43.400002
Mississippi,1977,122.1,9.5163717,,.19182922,48.799999
Nevada,1977,190.8,10.000601,,.17709126,49.299999
Connecticut,1977,117.3,10.028069,,.17500475,58.400002
Minnesota,1977,117.2,9.8759785,,.18877642,53.099998
Maine,1977,145.60001,9.678421,,.17825978,50.900002
Rhode Island,1977,148.8,9.8197079,,.18799911,52.299999
South Carolina,1977,137.2,9.5897017,,.20157245,42.200001
Texas,1977,124.2,9.8127384,,.19131179,53.299999
Virginia,1977,157.7,9.828063,,.19258486,38.400002
Utah,1977,78,9.6734715,,.20196478,44.700001
Louisiana,1977,140,9.6790781,,.1963544,48.900002
Iowa,1977,125.5,9.8393202,,.18277566,49.400002
Tennessee,1977,124.6,9.6559906,,.18347195,49.599998
New Hampshire,1977,278.79999,9.8067627,,.18194698,45
Idaho,1977,125,9.7265072,,.16392347,45.599998
Georgia,1977,127.9,9.6933374,,.19039071,49.5
Kentucky,1977,229.39999,9.6726656,,.18823627,36.900002
Pennsylvania,1977,120.1,9.8733702,,.17533612,53.299999
South Dakota,1977,115.6,9.6784782,,.19137494,46.400002
Wisconsin,1977,117.2,9.8522978,,.18868645,52.099998
North Dakota,1977,122.2,9.6932182,,.19791254,47.400002
Tennessee,1978,127.3,9.7006721,,.1842474,54.799999
Nevada,1978,187,10.069867,,.17931084,54.299999
Arkansas,1978,127.3,9.657238,,.1765835,56.5
California,1978,126.1,10.045565,,.18726255,58.700001
Missouri,1978,141.8,9.8447638,,.18092556,49.900002
Nebraska,1978,117.4,9.8794575,,.1855755,53.599998
Connecticut,1978,117.5,10.063203,,.17672989,61.700001
New Mexico,1978,103.1,9.7172966,,.1947612,56
Ohio,1978,131.3,9.8993502,,.18378262,53.900002
Pennsylvania,1978,122.3,9.902813,,.17704472,57.400002
Utah,1978,79.599998,9.7081699,,.20194869,49.5
Georgia,1978,130.60001,9.7366514,,.19081146,54.700001
Alabama,1978,123,9.6540718,,.18739022,55.099998
Vermont,1978,162.39999,9.7469778,,.19251083,52.5
North Carolina,1978,205.5,9.69771,,.19457503,41.799999
New Hampshire,1978,269.60001,9.8531685,,.18354917,49.700001
Oklahoma,1978,143.60001,9.782526,,.18398438,53.099998
Colorado,1978,129.2,9.9337511,,.19652914,57.400002
West Virginia,1978,131.60001,9.6878462,,.17687732,53.900002
Rhode Island,1978,146.8,9.8429708,,.18869072,56.299999
Virginia,1978,155.89999,9.8681631,,.19303674,42.799999
South Carolina,1978,140.39999,9.6268749,,.20175298,49.200001
Montana,1978,127.2,9.8146505,,.18661974,51.900002
North Dakota,1978,121.9,9.8596678,,.19983348,53.200001
Maine,1978,143.89999,9.6988077,,.17958058,55
Kansas,1978,127.1,9.8756046,,.18872762,52.599998
Idaho,1978,122.8,9.7689333,,.1618953,51.5
Indiana,1978,150.89999,9.8652325,,.18816292,50
Wisconsin,1978,116.7,9.8898201,,.19074351,57.099998
Illinois,1978,136.7,10.023603,,.18321393,54.599998
Mississippi,1978,124.9,9.5403347,,.19307192,53.599998
Iowa,1978,127.1,9.9141836,,.1847651,54.599998
Kentucky,1978,224.7,9.703743,,.1892257,41.400002
Delaware,1978,155.5,9.9441271,,.19359408,58.700001
Minnesota,1978,118.9,9.9134417,,.19078389,57.900002
Louisiana,1978,142.7,9.7316809,,.19795002,54.200001
Texas,1978,126.6,9.8638067,,.192479,59.099998
South Dakota,1978,116.9,9.7567081,,.1931887,53.200001
Wyoming,1978,160.3,10.003533,,.19493976,49.799999
Tennessee,1979,127.2,9.6905422,,.18502286,57.299999
Wyoming,1979,168.60001,10.016736,,.19746989,51.700001
Pennsylvania,1979,122.6,9.899785,,.1787533,60.599998
Arkansas,1979,126.5,9.6335335,,.1775306,58.400002
Missouri,1979,140.2,9.8475256,,.18259212,52.200001
New Hampshire,1979,254.60001,9.8659334,,.18515134,53.200001
Idaho,1979,117.5,9.7373362,,.15986715,55.400002
Kansas,1979,126.4,9.9037971,,.18975298,54.799999
Illinois,1979,135.3,10.013675,,.18524484,56.799999
Mississippi,1979,123.9,9.5529699,,.19431461,56.5
Virginia,1979,151.8,9.8708868,,.19348863,45.799999
Delaware,1979,150.2,9.9261036,,.19612364,60
West Virginia,1979,122.1,9.6838665,,.17741302,62.400002
North Dakota,1979,121.3,9.7826929,,.20175441,55
Louisiana,1979,140.10001,9.7377748,,.19954562,57.099998
Indiana,1979,148.89999,9.8514891,,.1896188,52.5
Alabama,1979,121.4,9.6491804,,.18845628,56.799999
South Dakota,1979,117.4,9.752883,,.19500245,54.099998
Texas,1979,126.4,9.8775606,,.19364621,62.200001
Ohio,1979,130.89999,9.8915901,,.18510301,56.299999
New Mexico,1979,101,9.6999969,,.19599918,57.599998
Nevada,1979,183.3,10.056074,,.18153042,57.099998
Connecticut,1979,117.4,10.075508,,.17845504,64.400002
Minnesota,1979,118.3,9.9091606,,.19279136,60.900002
Kentucky,1979,214.89999,9.7025099,,.19021514,43.400002
North Carolina,1979,197.3,9.6813517,,.19470336,43.700001
Utah,1979,79.099998,9.6941032,,.20193259,53.700001
California,1979,121.9,10.054688,,.18840058,60.099998
Georgia,1979,131,9.7293024,,.19123219,56.599998
Nebraska,1979,116.1,9.8471727,,.18705527,55.400002
Oklahoma,1979,141.60001,9.8096666,,.18505004,55.5
Montana,1979,120.3,9.7786264,,.18797314,53.700001
Vermont,1979,160.89999,9.747611,,.19410276,54.799999
Iowa,1979,124.2,9.881053,,.18675455,56.400002
Rhode Island,1979,145.8,9.8439465,,.18938231,58.700001
Wisconsin,1979,117.1,9.892312,,.19280057,58.700001
Colorado,1979,131.5,9.9422197,,.19722651,52.799999
Maine,1979,138.5,9.6941938,,.18090141,54.5
South Carolina,1979,135.7,9.623209,,.2019335,50.200001
North Carolina,1980,187.8,9.6566,,.19483168,47.299999
Maine,1980,141.2,9.683053,,.18222222,59
Idaho,1980,115.2,9.7114964,,.15783899,56.400002
Utah,1980,74.800003,9.654541,,.2019165,57.200001
Connecticut,1980,118,10.074763,,.18018018,67
Rhode Island,1980,149.3,9.8353987,,.19007392,60
West Virginia,1980,122.3,9.6520319,,.17794871,64.300003
New Hampshire,1980,247.8,9.8606939,,.18675353,55.299999
Virginia,1980,148.89999,9.8665924,,.19394052,48.5
Minnesota,1980,117.7,9.8774834,,.19479883,63
California,1980,120.2,10.037841,,.18953861,62.099998
Vermont,1980,161.60001,9.7229652,,.19569471,58.900002
Colorado,1980,131,9.9436121,,.19792387,54.599998
Delaware,1980,150.5,9.913744,,.19865319,62.700001
Missouri,1980,142.10001,9.8010473,,.1842587,57.299999
South Dakota,1980,114.7,9.6161861,,.19681621,58.799999
Kansas,1980,127.1,9.8624439,,.19077834,58.299999
Nebraska,1980,116.3,9.7723808,,.18853503,59.5
Texas,1980,129.7,9.8685799,,.19481342,63.700001
Arkansas,1980,131.8,9.5738029,,.17847769,61.5
Montana,1980,122,9.7433786,,.18932655,56.700001
Illinois,1980,135.2,9.9621725,,.18727575,60
Wisconsin,1980,117.6,9.8555841,,.19485763,61.200001
North Dakota,1980,123.7,9.6105089,,.20367534,59.599998
Oklahoma,1980,141.60001,9.8114376,,.1861157,62.900002
Ohio,1980,133.5,9.8509111,,.18642341,58.700001
New Mexico,1980,102.7,9.6777515,,.19723715,62.599998
South Carolina,1980,138.3,9.6011858,,.20211403,52.299999
Mississippi,1980,127,9.5035429,,.19555731,59.700001
Georgia,1980,134,9.7014446,,.19165294,59.299999
Alabama,1980,123.2,9.6121941,,.18952234,60.599998
Kentucky,1980,215.3,9.6613588,,.19120459,46.299999
Tennessee,1980,130.39999,9.6576977,,.1857983,60.299999
Wyoming,1980,158.10001,10.013955,,.2,55.299999
Iowa,1980,124.6,9.8101025,,.18874399,58.799999
Pennsylvania,1980,124,9.869998,,.1804619,61.299999
Nevada,1980,177.7,10.034245,,.18375,63.099998
Louisiana,1980,143.8,9.7394915,,.20114122,60
Indiana,1980,146.89999,9.7957764,,.19107468,53.700001
Arkansas,1981,128.7,9.5930414,,.17501111,64.699997
Georgia,1981,131.7,9.7049437,,.18797573,62.599998
Alabama,1981,119.6,9.6095943,,.18584223,68.800003
South Dakota,1981,115.7,9.6657171,,.19100963,62.299999
Mississippi,1981,125.3,9.5124493,,.19204077,63
Nevada,1981,171.89999,10.005963,,.17854194,63.299999
Utah,1981,77.599998,9.6400614,,.198395,62.700001
Montana,1981,121.1,9.7572937,,.18333872,60.400002
Idaho,1981,114.1,9.6848984,,.15638342,59.200001
New Mexico,1981,103,9.6808281,,.19150561,63
Delaware,1981,152.60001,9.9013929,,.19354601,66
Louisiana,1981,144,9.7650614,,.19634315,62.599998
Kentucky,1981,209.7,9.6655722,,.18725346,49.400002
Indiana,1981,148.5,9.7881498,,.18707843,58.299999
Colorado,1981,133.8,9.9572735,,.19186871,58.099998
Oklahoma,1981,143.7,9.8449898,,.18176825,65.800003
Rhode Island,1981,151.2,9.8362837,,.18641046,64.5
Maine,1981,138.89999,9.6794462,,.17809658,62.900002
North Dakota,1981,125.7,9.7618484,,.19795687,62
Illinois,1981,133,9.9650173,,.1830271,63.099998
West Virginia,1981,120.5,9.6292686,,.17466916,66.199997
Nebraska,1981,117,9.81427,,.18354794,60.900002
Tennessee,1981,129.10001,9.6552153,,.18210523,63.700001
New Hampshire,1981,245.39999,9.8670425,,.18237484,58.400002
Wyoming,1981,163.10001,9.9997196,,.19355176,55.900002
South Carolina,1981,136.10001,9.6005611,,.197689,54.700001
Virginia,1981,149.89999,9.8671904,,.18980613,51.799999
Ohio,1981,132.8,9.8355169,,.18227963,61.400002
Iowa,1981,132.89999,9.8386841,,.18403523,61.400002
Pennsylvania,1981,125.2,9.8664436,,.17645559,64.800003
California,1981,118.6,10.028626,,.18553706,66.400002
Minnesota,1981,120.8,9.8679962,,.18921515,65.800003
North Carolina,1981,179.3,9.6617842,,.19096653,50
Texas,1981,129,9.8981886,,.19055006,66.900002
Missouri,1981,140.5,9.8103666,,.1798325,59.900002
Connecticut,1981,116.4,10.079572,,.17605005,80.099998
Kansas,1981,132,9.8771791,,.18572941,59.799999
Wisconsin,1981,119.9,9.8342934,,.18977982,64.900002
Vermont,1981,163.8,9.7274399,,.19110663,61
Minnesota,1982,119.4,9.8631859,,.18363149,71.699997
North Dakota,1982,126.8,9.7649136,,.19223839,67.800003
Kansas,1982,130.89999,9.8813038,,.1806805,65.099998
Nebraska,1982,117.1,9.7994776,,.17856085,69.699997
Tennessee,1982,131.39999,9.6426888,,.17841215,68.300003
Oklahoma,1982,147,9.8531399,,.17742081,71.699997
Missouri,1982,139.7,9.8026876,,.17540629,64.699997
South Dakota,1982,113,9.6491127,,.18520303,68
Indiana,1982,147.7,9.7577543,,.18308216,65.099998
California,1982,115.4,10.01253,,.1815355,72.800003
Idaho,1982,111.5,9.645257,,.15492785,67.599998
South Carolina,1982,136,9.5837898,,.19326398,61.900002
North Carolina,1982,179,9.6492243,,.18710139,55.5
Pennsylvania,1982,123.3,9.8627663,,.17244929,69.800003
Georgia,1982,131.2,9.7073441,,.18429853,67.800003
Nevada,1982,165.10001,9.9568682,,.17333388,71.599998
Texas,1982,131.2,9.8872089,,.18628672,73.800003
New Mexico,1982,97.5,9.6785994,,.18577409,69.400002
Maine,1982,139.5,9.6835651,,.17397094,69.699997
Alabama,1982,119.1,9.59758,,.18216212,73.099998
West Virginia,1982,119.8,9.6267376,,.17138961,75.099998
Utah,1982,73.599998,9.6280756,,.1948735,68.099998
New Hampshire,1982,239.8,9.8762455,,.17799614,67
Connecticut,1982,114.7,10.090163,,.17191993,85.599998
Virginia,1982,147.39999,9.870553,,.18567173,56.400002
Colorado,1982,130.5,9.9626169,,.18581356,61.400002
Arkansas,1982,127.4,9.5737,,.17154454,72.099998
Wisconsin,1982,115.6,9.8212986,,.18470201,75
Kentucky,1982,210.60001,9.6542597,,.18330234,56.299999
Rhode Island,1982,146.3,9.8429747,,.18274699,71.599998
Illinois,1982,130.7,9.9449787,,.17877847,69.599998
Wyoming,1982,157.7,9.9453144,,.18710352,64.300003
Ohio,1982,134,9.8154449,,.17813586,68.300003
Delaware,1982,154.10001,9.9043369,,.18843885,74.099998
Vermont,1982,162.3,9.7234392,,.18651854,66.800003
Montana,1982,122.4,9.7356701,,.17735088,65.699997
Mississippi,1982,125.8,9.4982471,,.18852423,69.199997
Louisiana,1982,143.89999,9.7531261,,.19154507,70.300003
Iowa,1982,116.2,9.7953053,,.17932646,72.800003
Texas,1983,126.4,9.8802118,,.18202336,84.099998
Ohio,1983,130,9.8364983,,.17399208,82.5
Illinois,1983,127.9,9.9548035,,.17452982,80.800003
Nevada,1983,159.2,9.9637251,,.16812582,81.900002
Louisiana,1983,133.7,9.7468615,,.186747,80.699997
West Virginia,1983,115.7,9.612957,,.16811006,88.199997
Tennessee,1983,129,9.6723413,,.17471907,79.099998
Wisconsin,1983,106.3,9.8383503,,.1796242,92
South Carolina,1983,131.10001,9.6259909,,.18883894,72.400002
Minnesota,1983,113.2,9.8746061,,.17804782,87.300003
Pennsylvania,1983,125.3,9.8769064,,.16844298,81.699997
Colorado,1983,125.3,9.9780369,,.1797584,73.300003
Montana,1983,113.7,9.7481604,,.17136304,77.199997
New Mexico,1983,96.300003,9.6864834,,.18004255,79.599998
Missouri,1983,134.10001,9.8293009,,.1709801,74.800003
Maine,1983,135.39999,9.7240248,,.16984531,80.800003
Oklahoma,1983,140,9.8048458,,.17307337,83.900002
Vermont,1983,153.8,9.759017,,.18193045,77
Mississippi,1983,122.3,9.5044794,,.18500769,78.599998
Rhode Island,1983,135.8,9.8823481,,.17908351,84
Nebraska,1983,110.8,9.8029881,,.17357376,83.699997
Kansas,1983,127.6,9.8855658,,.17563158,77
Georgia,1983,128.60001,9.7557316,,.18062133,78.900002
Delaware,1983,149.60001,9.934576,,.18333167,82
Kentucky,1983,201.10001,9.642765,,.17935121,66.400002
North Dakota,1983,119.6,9.7920113,,.18651992,77.900002
Arkansas,1983,128,9.5930529,,.16807795,82
Wyoming,1983,141.2,9.8841877,,.18065529,71
Iowa,1983,115.6,9.7835722,,.17461771,84
South Dakota,1983,109.8,9.655467,,.17939645,78.800003
California,1983,110.8,10.031737,,.17753394,84.900002
New Hampshire,1983,232.89999,9.9404678,,.17361747,74.699997
Alabama,1983,116.3,9.6267691,,.17848201,84.400002
Indiana,1983,143,9.7750578,,.17908591,75.699997
North Carolina,1983,169.8,9.6938868,,.18323624,66
Utah,1983,69,9.6433077,,.19135199,82
Connecticut,1983,114.1,10.12007,,.16778982,95.599998
Idaho,1983,111.3,9.6945438,,.15347229,76.5
Virginia,1983,144.7,9.9070873,,.18153733,68.800003
Indiana,1984,137.8,9.8294573,22,.17508966,85.199997
Pennsylvania,1984,115.3,9.9113054,24.9,.16443667,97.699997
West Virginia,1984,111.9,9.6407785,19.700001,.16483051,97.199997
Montana,1984,110.1,9.7452202,29.4,.1653752,91.300003
Kansas,1984,121.7,9.9164648,20.700001,.17058265,91
Arkansas,1984,123.1,9.6504402,17.9,.16461137,93.599998
Vermont,1984,144.3,9.8052397,26.299999,.17734236,90.599998
California,1984,104.8,10.075359,25,.17353238,94.900002
South Carolina,1984,127,9.6750488,22,.18441392,81.300003
Mississippi,1984,116.4,9.5459032,20.1,.18149115,89
Kentucky,1984,183.2,9.6995554,18.5,.17540008,75.400002
Tennessee,1984,125.1,9.7292414,19.700001,.17102599,88.300003
New Mexico,1984,88.900002,9.7078657,28.299999,.17431101,90.199997
Connecticut,1984,112.5,10.181597,20.299999,.16365969,113.5
New Hampshire,1984,215.10001,10.006829,35.599998,.16923878,90.5
Nevada,1984,136.60001,9.9942179,35.099998,.16291776,99.800003
Ohio,1984,127.1,9.8840942,24.9,.16984831,89.199997
Virginia,1984,136.8,9.9557095,22.4,.17740294,76
Georgia,1984,126.3,9.82549,21.299999,.17694412,86.800003
Nebraska,1984,107.7,9.8535156,25.4,.16858667,94.800003
Colorado,1984,119.7,10.002046,25.700001,.17370325,83.400002
Minnesota,1984,110.8,9.950923,23.5,.17246416,99.199997
Utah,1984,66.300003,9.6788979,13.4,.18783049,95.300003
Oklahoma,1984,128.10001,9.813323,17.799999,.16872592,93.300003
Alabama,1984,113,9.6716213,18,.1748019,90.800003
Missouri,1984,130,9.8815126,23.700001,.16655388,84.800003
Texas,1984,117.2,9.9096031,29.799999,.17776,93.800003
Wisconsin,1984,105.6,9.8815489,32.900002,.17454639,100.8
Rhode Island,1984,136.89999,9.931385,25.1,.17542005,94.800003
North Dakota,1984,109.4,9.7956266,24,.18080144,94.400002
Louisiana,1984,128.89999,9.7606812,23.799999,.18194892,90.699997
Idaho,1984,103.6,9.7073164,23.200001,.15201671,88.5
Illinois,1984,124,10.003144,24.6,.17028119,89.599998
Maine,1984,135.5,9.7747631,22.1,.16571967,93.699997
Delaware,1984,144,9.9622822,26.6,.1782245,91.099998
North Carolina,1984,160.60001,9.753726,19.799999,.1793711,75
Wyoming,1984,128.89999,9.8843517,26.299999,.17420705,81.699997
South Dakota,1984,105.7,9.7210913,21.700001,.17358987,89.800003
Iowa,1984,111.2,9.8315821,23.9,.16990894,93.300003
Kansas,1985,115.7,9.9359484,20.1,.16553372,97.5
Minnesota,1985,113,9.9689693,23,.16688049,101.5
Iowa,1985,109.4,9.839345,22.9,.16520017,99.5
Utah,1985,66.5,9.6977673,13.8,.18430901,104.6
Ohio,1985,126.7,9.9044762,24.200001,.16570452,92.199997
North Carolina,1985,156.3,9.7817574,19.700001,.17550595,78.900002
New Mexico,1985,88,9.7347498,28.700001,.16857949,97.5
Oklahoma,1985,124.2,9.8161297,18.1,.16437849,95.099998
Tennessee,1985,128.7,9.7570047,19.799999,.16733292,92.5
Illinois,1985,121.6,10.020819,24.299999,.16603254,96.699997
Idaho,1985,100.7,9.7152567,22.299999,.15056115,97.599998
West Virginia,1985,109.1,9.6517162,19.700001,.16155097,103.2
Vermont,1985,144.5,9.8485041,26.6,.17275427,95.5
Alabama,1985,114.5,9.7031927,18.700001,.17112179,99
Connecticut,1985,111,10.212917,20.799999,.15952957,118.6
Louisiana,1985,125,9.7616596,23,.17715085,103
Kentucky,1985,182.39999,9.7036314,18.9,.17144895,79.300003
South Carolina,1985,125.4,9.6976843,22.1,.17998889,83
Wyoming,1985,125.7,9.9106588,26,.16775882,87.400002
Nevada,1985,146.7,10.025677,35.700001,.1577097,109.3
Delaware,1985,144.5,9.9963341,26.200001,.17311732,98.699997
North Dakota,1985,103.2,9.7935133,23.1,.17508297,100.6
Missouri,1985,129.2,9.9132919,23.700001,.16212769,93.699997
California,1985,102.8,10.099703,24,.16953082,98
Rhode Island,1985,133.39999,9.9552393,25.700001,.17175658,100.3
Georgia,1985,128.8,9.8621273,21.4,.17326692,90.699997
Maine,1985,127.9,9.8076591,22.200001,.16159403,98.099998
Wisconsin,1985,107,9.8943863,32.099998,.16946858,106.8
Colorado,1985,112.4,10.000779,25.200001,.16764809,93.099998
Nebraska,1985,105.1,9.8755312,24.6,.16359958,95.800003
Arkansas,1985,125.8,9.6755266,18.1,.16114479,98.5
New Hampshire,1985,201.10001,10.061333,35.700001,.16486008,89.199997
Mississippi,1985,115.3,9.5537367,20.6,.17797461,96.400002
Pennsylvania,1985,115.8,9.9447384,24.9,.16043037,100.1
Virginia,1985,134.60001,9.9849701,22.4,.17326856,83.599998
Montana,1985,103.6,9.7294073,27.799999,.15938738,95.5
Indiana,1985,135.3,9.8443022,22,.1710934,88.800003
Texas,1985,115.9,9.9280357,29.1,.17349666,102.1
South Dakota,1985,104.4,9.719058,20.9,.16778329,92.300003
Missouri,1986,128.8,9.9467764,24.200001,.15770149,101.9
Arkansas,1986,126,9.7059393,18.700001,.15767822,103.6
South Carolina,1986,126.6,9.7297287,22.9,.17556386,88.699997
Pennsylvania,1986,113.9,9.9871082,25.200001,.15642406,104.9
Kentucky,1986,179.8,9.7299166,19.200001,.16749783,85.400002
California,1986,99.699997,10.127267,24.700001,.16552927,104.4
Connecticut,1986,108.5,10.268609,20.6,.15539944,118.5
Rhode Island,1986,136.3,10.002565,26,.16809312,101.8
New Hampshire,1986,195.89999,10.126132,34.700001,.16048139,100
Minnesota,1986,104.3,10.005522,23,.16129681,116.3
Utah,1986,64.400002,9.7155733,13.7,.1807875,103.5
Kansas,1986,109.4,9.9614182,19.9,.16048481,103
Maine,1986,119,9.8740902,22.4,.15746839,112.7
Nevada,1986,142.60001,10.063729,37.200001,.15250164,106.6
Wisconsin,1986,105.4,9.9329729,32.700001,.16439077,110.8
Illinois,1986,118.2,10.0553,24.700001,.16178389,108.4
Indiana,1986,137.60001,9.8822317,22.1,.16709714,93.599998
Alabama,1986,116.3,9.7459497,19.299999,.16744168,103
West Virginia,1986,112.1,9.6880007,19.6,.15827142,104.1
Montana,1986,97.800003,9.7748528,27.4,.15339954,102
Iowa,1986,104.1,9.8702335,23.299999,.16049141,104.8
Ohio,1986,126.3,9.9381123,23.4,.16156074,98.099998
Nebraska,1986,103.1,9.8968811,24.5,.1586125,104
Idaho,1986,96.699997,9.7362137,22.5,.14910559,99.900002
Colorado,1986,109.9,10.001593,25.5,.16159293,95.099998
Wyoming,1986,124.8,9.8742666,24.5,.16131058,97.800003
Texas,1986,113.7,9.8984003,29,.16923331,105.5
South Dakota,1986,97,9.7537327,21.200001,.1619767,108.5
Tennessee,1986,129,9.8143263,20.9,.16363984,98.800003
Vermont,1986,131.2,9.9077749,27.6,.16816619,104.9
North Carolina,1986,154.39999,9.8303633,20,.1716408,83.699997
Virginia,1986,135.8,10.031905,23.4,.16913415,91.300003
Georgia,1986,129,9.9138088,22.1,.16958973,100.1
Delaware,1986,142.39999,10.032092,26,.16801015,105.2
Oklahoma,1986,119.9,9.8019218,18.299999,.16003105,104.6
North Dakota,1986,99.800003,9.8046122,23,.1693645,104.2
Mississippi,1986,113.2,9.5764771,21.5,.17445809,106
Louisiana,1986,121.2,9.7405939,23.700001,.17235278,105.1
New Mexico,1986,88.199997,9.7369003,27.9,.16284795,101.2
Delaware,1987,141,10.048571,25.9,.16290298,111.4
Rhode Island,1987,124.4,10.027571,25.6,.16442965,113.5
Wisconsin,1987,106,9.9412937,31.5,.15931296,116.3
Missouri,1987,128.7,9.9532776,24.200001,.15327528,108.5
Connecticut,1987,109,10.309229,21.1,.15126932,122.7
Colorado,1987,102.4,9.9944267,24.799999,.15553778,108.6
Georgia,1987,129.3,9.9307976,22.299999,.16591252,103.9
Ohio,1987,124.6,9.9430628,23.9,.15741697,102.2
California,1987,97.5,10.134301,24.1,.16152771,103.9
Indiana,1987,134,9.8970432,21.9,.16310088,100.1
Utah,1987,67.699997,9.7198858,13,.177266,108.6
Wyoming,1987,110.4,9.8398485,24.5,.15486234,102.7
Kansas,1987,105.2,9.9628201,19.700001,.15543589,114.5
Mississippi,1987,110,9.5995131,21.6,.17094155,115.8
Vermont,1987,128.3,9.935688,27.799999,.16357809,113.8
Maine,1987,125,9.9113073,22.6,.15334275,121.2
Louisiana,1987,116.5,9.7166986,24.299999,.16755469,117.8
Pennsylvania,1987,110.6,10.000928,25.1,.15241775,110
South Carolina,1987,126.6,9.7545767,23.5,.17113884,95.300003
North Dakota,1987,92.300003,9.7899351,23.299999,.16364601,110.3
Nevada,1987,147.7,10.07728,37.700001,.14729358,114
Texas,1987,105.8,9.8891201,27.5,.16496995,114.4
Nebraska,1987,101.3,9.8999863,24.799999,.15362541,113.7
Oklahoma,1987,113.1,9.7798052,18.200001,.15568361,114.4
North Carolina,1987,150.5,9.8545933,20,.16777566,90.599998
South Dakota,1987,95.800003,9.7795067,21.5,.15617011,113.7
Iowa,1987,101.1,9.8879442,23.1,.15578264,117.1
Montana,1987,91.699997,9.7781172,27.200001,.1474117,106.2
New Hampshire,1987,195.10001,10.146291,34.700001,.1561027,102
Virginia,1987,133,10.054426,23.5,.16499975,94.599998
Illinois,1987,109.5,10.067755,25.1,.15753525,116.2
Arkansas,1987,122.3,9.705574,19,.15421164,113
Minnesota,1987,108.8,10.023768,23.200001,.15571316,120.1
Tennessee,1987,130.60001,9.8423405,21,.15994677,103.5
Alabama,1987,114,9.7620916,19.4,.16376157,110
New Mexico,1987,82.300003,9.7291622,27.799999,.15711641,110.2
Idaho,1987,95,9.7407227,22,.14765002,107.1
Kentucky,1987,171.2,9.7397251,19,.1635467,90.5
West Virginia,1987,107.5,9.6830807,19.9,.15499187,112.8
Colorado,1988,94.599998,10.018831,24.200001,.14948262,116
Utah,1988,55,9.7291565,12.8,.1737445,122.9
South Dakota,1988,91.900002,9.7653551,21,.15036353,124.7
Georgia,1988,124.1,9.9528627,21.700001,.16223532,109.2
California,1988,90.099998,10.141663,23.6,.15752615,117.4
Delaware,1988,137.10001,10.077722,25.700001,.1577958,119.3
Connecticut,1988,104.8,10.355395,20.700001,.14713921,129.7
Arkansas,1988,121.5,9.7215319,18.9,.15074505,119.9
Kentucky,1988,173.2,9.7585793,19.1,.15959556,94.400002
Louisiana,1988,110.9,9.7441053,24.6,.16275662,120.4
New Hampshire,1988,180.39999,10.17227,34.099998,.15172403,113.5
Kansas,1988,103.2,9.9697027,19.299999,.15038696,123.9
Maine,1988,125,9.9442158,22.9,.14921713,129
Vermont,1988,128.7,9.9602709,27,.15899001,123.7
Tennessee,1988,125.3,9.8646994,21.5,.15625368,112.1
Idaho,1988,84.5,9.7660036,21.1,.14619446,121.9
Wisconsin,1988,102.6,9.9472141,31,.15423515,128.60001
Ohio,1988,122.4,9.9685946,23.700001,.1532732,108.4
Indiana,1988,134,9.9150448,21.9,.15910463,109.3
New Mexico,1988,77.699997,9.743268,27.200001,.15138488,113.7
Illinois,1988,107.6,10.087956,25,.15328661,124.1
North Carolina,1988,146,9.8825531,20.1,.16391051,96
Montana,1988,87.099998,9.7651443,27.6,.14142387,115.3
Virginia,1988,129.5,10.078459,23.299999,.16086537,102.1
Nevada,1988,141.89999,10.098186,39.299999,.14208552,129.60001
Minnesota,1988,94.099998,10.016611,22.9,.15012948,141.7
Pennsylvania,1988,107.6,10.021413,25.299999,.14841144,112.3
Nebraska,1988,92.900002,9.9353247,24.299999,.14863832,123.3
Oklahoma,1988,103.6,9.8014698,18.299999,.15133616,122.6
Mississippi,1988,109,9.627286,21.9,.16742501,122.6
Texas,1988,96.5,9.9052229,27.5,.16070659,128
Missouri,1988,127.4,9.9582586,23.6,.14884908,114.6
South Carolina,1988,124.4,9.7925787,24,.1667138,99.900002
Wyoming,1988,114.3,9.8706474,23.6,.14841411,112.9
Iowa,1988,100.2,9.8755713,23,.15107389,124.2
Rhode Island,1988,138,10.065297,25.299999,.16076617,121.5
Alabama,1988,112.1,9.7817698,19.4,.16008146,114.4
North Dakota,1988,87.099998,9.6920958,24.1,.15792754,123.3
West Virginia,1988,109.1,9.7083006,20.1,.15171231,122.2
California,1989,82.400002,10.142313,23.700001,.15352459,126.4
North Dakota,1989,84.099998,9.786231,24.5,.15220906,135.89999
South Carolina,1989,122.4,9.7964678,24,.16228878,111.9
Arkansas,1989,118.3,9.7373705,19,.14727847,127.7
Indiana,1989,132.5,9.9365816,21.5,.15510836,119
Wyoming,1989,111.4,9.892477,23,.14196587,118.6
Missouri,1989,122.8,9.9722586,23.6,.14442287,118.9
Mississippi,1989,108.3,9.6436415,21.6,.16390847,125.8
Rhode Island,1989,120.8,10.080025,24.799999,.1571027,134.8
Alabama,1989,105.6,9.8025274,19.4,.15640135,122.3
Minnesota,1989,92.300003,10.047408,22.5,.14454582,152.5
Oklahoma,1989,97.5,9.8182058,18.4,.14698872,133.39999
Nevada,1989,137.89999,10.129832,40.400002,.13687746,145.60001
Utah,1989,57,9.7460203,12.7,.170223,135.60001
Iowa,1989,94.400002,9.9159241,22.700001,.14636512,145.10001
North Carolina,1989,139.3,9.8892889,20.299999,.16004537,107.6
Colorado,1989,88.800003,10.043063,23.9,.14342748,130.8
Kentucky,1989,171.60001,9.7873411,18.299999,.15564445,103.8
Tennessee,1989,124.7,9.8788528,21.1,.15256061,121.5
New Hampshire,1989,172.89999,10.159909,33.299999,.14734533,125.9
Idaho,1989,78.400002,9.8279266,21.6,.14473888,133.60001
Vermont,1989,120.9,9.9920559,26,.15440191,129.7
Nebraska,1989,93.800003,9.9413671,24.1,.14365123,139.3
New Mexico,1989,74.400002,9.7600632,27.9,.14565335,127.2
Wisconsin,1989,100.3,9.9652624,30.200001,.14915735,138.3
Kansas,1989,96.5,9.9629526,19.4,.14533803,136.5
Georgia,1989,117.1,9.9539089,21.5,.15855812,122.4
Louisiana,1989,103.6,9.7500658,24.4,.15795854,130.7
Montana,1989,86.199997,9.8151798,27.200001,.13543603,123
Texas,1989,94.5,9.9191084,27.6,.15644325,137
Connecticut,1989,100.6,10.366524,19.799999,.14300908,142
South Dakota,1989,87.400002,9.8142815,21.6,.14455694,130.10001
Virginia,1989,122.5,10.097958,23.6,.15673098,109.4
Illinois,1989,104.6,10.113907,24.4,.14903797,132.7
Delaware,1989,131.7,10.103605,24.9,.15268864,124
Ohio,1989,118.6,9.9778709,23.9,.14912942,120.5
West Virginia,1989,104,9.7247725,20.200001,.14843276,131.2
Pennsylvania,1989,107.1,10.047447,24.6,.14440514,122.8
Maine,1989,122.4,9.9670792,21.799999,.14509149,144.39999
South Dakota,1990,88.300003,9.8617363,23.4,.13875036,138.89999
Colorado,1990,87.400002,10.046251,24.200001,.13737231,149.3
Texas,1990,85.599998,9.9306412,29,.1521799,145.7
North Dakota,1990,77.099998,9.8413601,26.6,.14649059,144.3
Idaho,1990,90.099998,9.8399277,22.9,.14328332,141.3
Alabama,1990,108.6,9.81429,20.1,.15272124,139.10001
California,1990,77.800003,10.141623,23.799999,.14952303,163.8
Nevada,1990,137.3,10.121194,40.200001,.1316694,173.7
New Mexico,1990,70.800003,9.765913,27.200001,.13992181,133.60001
Delaware,1990,127.2,10.094804,25.799999,.14758146,140
Mississippi,1990,101.8,9.6446085,23.299999,.16039193,139.89999
North Carolina,1990,133.7,9.9033413,20.9,.15618022,116.4
West Virginia,1990,104.1,9.7483778,21.700001,.14515321,142.89999
Oklahoma,1990,88.400002,9.828145,19.700001,.14264128,146.10001
Ohio,1990,115.5,9.977726,23.9,.14498565,135.39999
Arkansas,1990,113.1,9.736311,19.9,.1438119,141.2
Pennsylvania,1990,101.3,10.051471,25.799999,.14039883,133.7
Illinois,1990,94.099998,10.116749,25.700001,.14478932,147.3
Wyoming,1990,96.900002,9.9393129,25.1,.13551763,129.5
Iowa,1990,95.400002,9.9278059,23.6,.14165635,149.60001
Nebraska,1990,89.900002,9.9681711,25.200001,.13866414,143.39999
Tennessee,1990,121.8,9.8795033,21.9,.14886753,135
Maine,1990,117.5,9.949729,22.1,.14096585,160.10001
Kentucky,1990,182.5,9.8046007,20.1,.15169331,115.6
South Carolina,1990,118.6,9.8276386,25.6,.15786375,125.2
Kansas,1990,94.300003,9.9836664,19.700001,.14028911,145.8
Virginia,1990,118.9,10.086529,24,.15259658,128.60001
Connecticut,1990,91.5,10.349302,19.799999,.13887896,171.2
Indiana,1990,128.3,9.9351416,22.4,.15111211,130.8
New Hampshire,1990,152.39999,10.122781,32.900002,.14296664,135.89999
Utah,1990,53.400002,9.7551594,12.7,.1667015,151.89999
Vermont,1990,124.3,9.9729328,26.1,.14981383,143.7
Minnesota,1990,90.699997,10.046395,23.200001,.13896215,162.3
Louisiana,1990,101.5,9.7702637,26.4,.15316047,143.39999
Montana,1990,84.699997,9.8022699,27.799999,.12944819,140.39999
Wisconsin,1990,94,9.9693365,30.5,.14407954,151.10001
Rhode Island,1990,101.4,10.059916,24,.15343924,150.89999
Missouri,1990,119.1,9.9704046,24.299999,.13999668,129.10001
Georgia,1990,113.8,9.9532976,22.299999,.15488091,132.3
Idaho,1991,85.400002,9.8350945,22.200001,,144.39999
Maine,1991,116.1,9.9244347,21.5,,165.8
North Dakota,1991,85.199997,9.8193769,26.1,,159.8
Alabama,1991,107.9,9.8192596,20.1,,144.39999
South Carolina,1991,121.5,9.8106251,23.799999,,129
Montana,1991,82.900002,9.8321304,28,,143.60001
Nebraska,1991,92.400002,9.9650812,24.6,,152.2
Arkansas,1991,116.8,9.7430677,19.9,,146.5
New Mexico,1991,69.900002,9.7680378,27.1,,146.89999
Pennsylvania,1991,102.5,10.049363,24.6,,144.10001
Oklahoma,1991,87.800003,9.8226833,19.700001,,149.10001
Wyoming,1991,109.1,9.9784079,24.700001,,136
Louisiana,1991,107.2,9.7844229,26.1,,149.60001
Illinois,1991,96.099998,10.098239,24.4,,154
Ohio,1991,113.2,9.9623299,23.6,,139.8
Kansas,1991,91.800003,9.9764175,20,,152.7
South Dakota,1991,91.800003,9.8698616,23.5,,150.3
Mississippi,1991,105.6,9.6529732,22.9,,142.7
New Hampshire,1991,144.8,10.11431,32.900002,,153.89999
Nevada,1991,115.5,10.105574,37.700001,,186.3
Georgia,1991,109.6,9.941865,21.200001,,138.2
North Carolina,1991,132.7,9.8938532,20.200001,,126.6
Minnesota,1991,86.199997,10.031394,22.700001,,173.89999
California,1991,68.699997,10.110714,22.299999,,186.8
Tennessee,1991,120.6,9.8746862,21.4,,137.39999
Wisconsin,1991,95.5,9.9605207,29,,158.60001
Kentucky,1991,170.39999,9.8089809,19.4,,120.5
Rhode Island,1991,103.6,10.039507,24.299999,,170.3
West Virginia,1991,100.1,9.7575083,21.5,,144.10001
Delaware,1991,118.8,10.083064,24.9,,143.2
Vermont,1991,120.9,9.9512825,25,,150.10001
Colorado,1991,90.199997,10.054761,23.5,,152.60001
Indiana,1991,127.2,9.9210825,21.6,,135.8
Virginia,1991,109.1,10.071378,23,,136.5
Utah,1991,53.5,9.7621841,13.2,,167.10001
Texas,1991,79.400002,9.9306669,27.700001,,173.60001
Connecticut,1991,86.699997,10.324137,18.700001,,175.60001
Missouri,1991,119.9,9.9682035,23.9,,132.5
Iowa,1991,97.099998,9.911109,23.5,,155.39999
Maine,1992,114.5,9.942132,20.799999,,187.7
California,1992,67.5,10.114939,21.299999,,201.89999
New Mexico,1992,71.400002,9.7842789,26.700001,,165.39999
Arkansas,1992,126,9.7886286,20,,177.3
Texas,1992,77.199997,9.9572639,28.5,,186
Nevada,1992,110,10.127095,36.400002,,193.8
Nebraska,1992,90.599998,9.9983301,24.200001,,169.5
South Carolina,1992,112.8,9.8254433,23.799999,,151.89999
South Dakota,1992,93,9.8960752,23.6,,163
Rhode Island,1992,100.1,10.049703,22.799999,,190
North Carolina,1992,128.89999,9.9231043,20.700001,,145
Utah,1992,55,9.7833872,13,,170.10001
New Hampshire,1992,143.7,10.12097,32.200001,,164.39999
Vermont,1992,126.5,9.9767723,23.9,,168
Delaware,1992,120,10.091464,25.200001,,174.7
Ohio,1992,112.3,9.9826889,23,,159.60001
Tennessee,1992,121,9.9114437,21.700001,,163.89999
Minnesota,1992,83.800003,10.063346,22,,197.7
Illinois,1992,94.800003,10.123287,23.799999,,179.8
West Virginia,1992,97.900002,9.7847652,21,,158.2
Kentucky,1992,167.60001,9.8416891,19,,135.8
Indiana,1992,128.2,9.9537973,20.700001,,153.5
Missouri,1992,122.3,9.9847984,23.700001,,153.10001
Kansas,1992,90,9.9982672,19.200001,,174.2
Mississippi,1992,103.9,9.6849775,23.5,,160.8
Wisconsin,1992,96.199997,9.9926596,28.1,,176.5
Connecticut,1992,83.5,10.343843,18.299999,,193.5
Pennsylvania,1992,96.199997,10.06763,23.5,,176.2
Virginia,1992,108.2,10.080651,22.5,,157.89999
Idaho,1992,85.099998,9.8561497,22.6,,167.2
Georgia,1992,109.2,9.9585648,21.6,,159.5
Alabama,1992,109.1,9.8452864,20.4,,172.2
North Dakota,1992,74.300003,9.8829813,25.4,,168.3
Louisiana,1992,108.5,9.8055668,26.700001,,178.10001
Oklahoma,1992,86.300003,9.8441906,19.9,,170.60001
Colorado,1992,88.300003,10.066339,23.700001,,157.5
Iowa,1992,95.199997,9.942481,23.299999,,178.5
Montana,1992,86.599998,9.8387079,27.700001,,163.5
Wyoming,1992,110.8,9.9793291,24.700001,,155.10001
South Carolina,1993,115.2,9.834693,24.200001,,164.5
Maine,1993,108.5,9.9456549,20.6,,192.60001
Idaho,1993,86.699997,9.8773632,21.799999,,171.2
Oklahoma,1993,86.199997,9.8481712,20,,182.39999
Wyoming,1993,108.4,9.9951229,24.299999,,166.89999
Montana,1993,86,9.8704977,26.200001,,179.39999
North Dakota,1993,83,9.8531046,25.6,,177.60001
Nebraska,1993,91.099998,9.9964151,24.299999,,177.2
Mississippi,1993,105.4,9.701045,23.9,,177.8
Delaware,1993,123.8,10.092083,26.200001,,187.89999
Louisiana,1993,106.2,9.8215361,26.5,,180.5
Pennsylvania,1993,94.699997,10.068742,23.700001,,183.8
North Carolina,1993,129.7,9.9406633,20.9,,153.5
New Mexico,1993,69,9.8062363,26.4,,172.2
Virginia,1993,105.4,10.082791,22.200001,,165.7
Tennessee,1993,120.8,9.925889,21.6,,170.2
Texas,1993,81.300003,9.9642467,28.1,,204.60001
Ohio,1993,108.9,9.9897213,23,,162.5
Rhode Island,1993,94.099998,10.066945,22.299999,,197.89999
Arkansas,1993,113.8,9.7851419,19.700001,,179.89999
Colorado,1993,88.599998,10.079669,23.5,,168.2
Indiana,1993,126.8,9.9656334,20.5,,157.5
California,1993,63.400002,10.098497,20.799999,,205.10001
Kansas,1993,89.900002,10.002069,19.4,,174.2
South Dakota,1993,91.599998,9.9023857,23.5,,180.3
Utah,1993,56.200001,9.7937174,21.9,,180.10001
Kentucky,1993,167.60001,9.8432503,19.299999,,145.39999
Minnesota,1993,81.599998,10.058184,21.9,,215.60001
Nevada,1993,108.1,10.137125,35.099998,,196.8
Connecticut,1993,79.099998,10.343544,17.9,,202.3
West Virginia,1993,111,9.794651,21.6,,166.2
New Hampshire,1993,148.89999,10.111755,32.400002,,181.10001
Iowa,1993,92.5,9.9209833,23,,189.7
Wisconsin,1993,91.199997,9.9995327,28.299999,,195.5
Vermont,1993,117.2,9.9796867,23.700001,,173.8
Missouri,1993,121.6,9.9861765,23.6,,157.60001
Georgia,1993,109.2,9.9678726,21.700001,,167.2
Illinois,1993,94.599998,10.127834,23.5,,187.5
Alabama,1993,108.5,9.8521605,20.299999,,176.2
Tennessee,1994,118.8,9.9606895,21.5,,150.3
Indiana,1994,128.2,10.001348,20.6,,146.60001
Idaho,1994,93,9.903079,21.4,,150.5
Illinois,1994,85.699997,10.154192,23.6,,182.10001
Pennsylvania,1994,95.400002,10.092337,23.4,,158.10001
Louisiana,1994,105.3,9.8609934,27.1,,157.39999
Arkansas,1994,108.8,9.8136311,19.700001,,168.10001
North Dakota,1994,81,9.9164858,25.799999,,180.10001
Iowa,1994,93.400002,9.9968672,23.299999,,171.39999
Utah,1994,55.799999,9.8366289,12.9,,160.39999
Minnesota,1994,83.400002,10.095023,22.5,,196.10001
South Dakota,1994,94.800003,9.9720716,24.299999,,154.39999
Colorado,1994,89.099998,10.097464,23.1,,153.2
Maine,1994,101.6,9.9626493,20.299999,,178.3
Wisconsin,1994,91.800003,10.031682,28.299999,,178.60001
Nebraska,1994,85.900002,10.029957,24.700001,,169.60001
Kansas,1994,89.099998,10.026579,19.5,,159.60001
Ohio,1994,108.6,10.031492,23,,151.2
Rhode Island,1994,91.900002,10.080224,22.6,,168.89999
Alabama,1994,107.1,9.8793344,21,,154.60001
Virginia,1994,106.2,10.106278,21.700001,,156.5
West Virginia,1994,104.2,9.8301058,21.5,,150.10001
Nevada,1994,105.2,10.162395,35.099998,,190.3
California,1994,58.599998,10.099508,20.1,,190.3
Missouri,1994,119.4,10.016356,24.200001,,146.8
Delaware,1994,126.1,10.131247,25.9,,152.5
New Mexico,1994,68.199997,9.8274717,25.4,,158.39999
North Carolina,1994,112.7,9.9669323,20.799999,,135.89999
Montana,1994,88.199997,9.8718996,26.6,,151.3
Georgia,1994,107.8,9.9982395,21.4,,147.8
Vermont,1994,120.3,9.9939384,23.299999,,159.60001
South Carolina,1994,112.2,9.8676138,24.700001,,139.10001
Mississippi,1994,106,9.7519388,24.5,,156.89999
Wyoming,1994,111.2,10.003807,25,,147.39999
Kentucky,1994,170.10001,9.8683996,19.6,,132.8
Oklahoma,1994,104.8,9.861187,20.4,,163.39999
Connecticut,1994,76.599998,10.361299,17.9,,205.60001
Texas,1994,78.800003,9.9740763,28.299999,,177.7
New Hampshire,1994,153.8,10.156466,31,,157.8
Utah,1995,52,9.872345,12.8,,168.8
Kentucky,1995,175.3,9.9034758,18.9,,134.8
Minnesota,1995,84.099998,10.148785,22.1,,202.2
Wisconsin,1995,93.5,10.07112,28,,188
Missouri,1995,124,10.053908,23.5,,150.3
Montana,1995,90.5,9.8912792,26.5,,155.39999
Iowa,1995,93,10.001849,22.700001,,179
Wyoming,1995,115,10.009491,23.6,,153
Connecticut,1995,79.300003,10.451002,17.6,,205.39999
Louisiana,1995,105.7,9.9105272,26.1,,155.8
Vermont,1995,123.2,10.04172,22.799999,,160.10001
Virginia,1995,106.7,10.156244,20.700001,,157.5
Arkansas,1995,113,9.86446,19.5,,167.3
Indiana,1995,135.39999,10.043711,20.1,,146.3
California,1995,56.400002,10.155916,19.700001,,195.10001
North Dakota,1995,80.599998,9.8840332,25.5,,179.5
Delaware,1995,127.2,10.229653,24.6,,160.7
Maine,1995,102.3,9.9690561,21.1,,184.89999
North Carolina,1995,124.9,10.021808,20.5,,142.3
Texas,1995,75.199997,10.031839,27.1,,185
New Hampshire,1995,158.5,10.213221,31,,163.89999
New Mexico,1995,67,9.8719387,27.4,,163.5
Idaho,1995,78.199997,9.9196787,20.1,,163.5
Oklahoma,1995,109.5,9.8983755,20,,161.10001
Nebraska,1995,88.5,10.031776,24.1,,170.7
Nevada,1995,100.9,10.180809,34.299999,,190.39999
South Dakota,1995,98.599998,9.924325,23.700001,,162.10001
Tennessee,1995,125.4,10.026259,21.4,,153
Mississippi,1995,107.5,9.7853289,24,,153.89999
Ohio,1995,111.7,10.080514,22.799999,,155.60001
Georgia,1995,100.3,10.055438,21.5,,153.8
South Carolina,1995,109.2,9.909873,24.9,,140
Pennsylvania,1995,95.400002,10.130719,22.4,,161.7
West Virginia,1995,115.2,9.8342695,20.9,,156.8
Alabama,1995,102.6,9.9244041,20.6,,155.10001
Rhode Island,1995,90.800003,10.135032,22.200001,,209.60001
Colorado,1995,85.400002,10.16635,24.4,,164.2
Kansas,1995,90.099998,10.044954,19.1,,165.7
Illinois,1995,84.300003,10.200355,23.200001,,185.2
New Mexico,1996,65.699997,9.8787642,27.200001,,170.8
Arkansas,1996,110.7,9.8852339,20.1,,167.10001
Idaho,1996,73.599998,9.9336338,20.6,,176.5
Iowa,1996,94,10.049006,23.1,,183.8
Minnesota,1996,81.699997,10.188946,22.4,,208.60001
California,1996,54.5,10.178637,19.1,,197.89999
New Hampshire,1996,158,10.228954,31.1,,168.60001
Delaware,1996,128.3,10.262393,24.6,,169.10001
Vermont,1996,102.5,10.061007,23.299999,,196.39999
Colorado,1996,83.099998,10.191437,24.799999,,169.60001
Tennessee,1996,119.2,10.034496,21.5,,155.89999
Louisiana,1996,106.8,9.9236641,26.5,,165.3
Wyoming,1996,110.3,10.016768,24.6,,162.5
Pennsylvania,1996,93.300003,10.155947,22.4,,169.39999
West Virginia,1996,112.7,9.8451862,21,,157.3
Georgia,1996,102.7,10.079771,22,,156.10001
Mississippi,1996,106.9,9.8088684,24.299999,,161.2
North Dakota,1996,80.800003,9.9606361,26.6,,182.7
Illinois,1996,81.800003,10.224244,22.9,,188.7
Missouri,1996,124.1,10.076753,23.6,,159.8
Wisconsin,1996,92.099998,10.090001,27.6,,200.5
Connecticut,1996,76,10.474495,17.200001,,206.3
Utah,1996,54,9.9047661,13.2,,174.89999
Maine,1996,100,9.9872446,21.299999,,186.89999
Ohio,1996,107.6,10.097258,23.299999,,159.7
Montana,1996,87.300003,9.9017601,26.700001,,156.8
Oklahoma,1996,110.8,9.9188061,19.9,,162.7
North Carolina,1996,129.7,10.045135,21.1,,145.60001
Kansas,1996,88.699997,10.076406,18.9,,167.7
Alabama,1996,101.4,9.9400272,21,,158.3
Virginia,1996,104.6,10.171831,20.6,,159.60001
Kentucky,1996,179,9.9274874,19.1,,139.8
Nebraska,1996,86.199997,10.078057,24.4,,175.5
South Dakota,1996,92.300003,9.9879084,24.299999,,171.2
Nevada,1996,99,10.206777,35.200001,,195
Texas,1996,74.599998,10.052818,27.1,,188.39999
South Carolina,1996,102.9,9.9266539,25.4,,149.5
Indiana,1996,135.10001,10.060887,20.299999,,147.8
Rhode Island,1996,87.5,10.145525,21.700001,,214.89999
Illinois,1997,79.599998,10.236586,22.9,,198.7
Ohio,1997,108.6,10.09318,23,,166.8
North Carolina,1997,125.6,10.051292,21.299999,,152
Utah,1997,57,9.9155798,13,,186.2
Vermont,1997,97.699997,10.043397,2.5,,201.89999
Kansas,1997,89.199997,10.087141,19.700001,,171.3
California,1997,53.799999,10.17519,19.5,,200.3
New Mexico,1997,61.799999,9.8642597,27,,176
Indiana,1997,135.3,10.052114,20.299999,,156.3
North Dakota,1997,77.5,9.9085445,26.4,,194.10001
Minnesota,1997,84.099998,10.175442,22.200001,,216.8
Louisiana,1997,105.3,9.9265089,26.700001,,166.89999
Maine,1997,101.1,9.9958286,21,,190.2
South Carolina,1997,124.5,9.9360113,25.6,,153.89999
Nevada,1997,95.599998,10.186462,34.400002,,198.5
Wisconsin,1997,91.900002,10.093844,28.6,,200.7
Tennessee,1997,118.9,10.03078,21.299999,,161.10001
Iowa,1997,93.900002,10.049283,23.299999,,189.3
Virginia,1997,108,10.170565,20.5,,159.60001
Colorado,1997,81.300003,10.203897,24,,174.39999
Mississippi,1997,106.3,9.8037863,24.4,,168.60001
Pennsylvania,1997,92.900002,10.152338,22.1,,176.5
Nebraska,1997,85.5,10.069764,24.4,,184.8
Texas,1997,72.599998,10.070798,27,,189.8
New Hampshire,1997,174.39999,10.230845,31.299999,,176.60001
Kentucky,1997,186.8,9.9321785,19.299999,,145.60001
South Dakota,1997,88.800003,9.9555626,24.1,,181.7
Idaho,1997,75,9.9219522,20.1,,184.39999
Montana,1997,88.900002,9.8860435,27,,164.89999
Wyoming,1997,108.8,10.025613,24.6,,164.10001
Oklahoma,1997,111.8,9.9199924,20.1,,172
Arkansas,1997,108.7,9.8831072,19.799999,,181.3
Georgia,1997,100.6,10.081408,21.6,,158.89999
Alabama,1997,104.9,9.9372702,20.799999,,167.39999
West Virginia,1997,114.5,9.8371267,21,,160.89999
Connecticut,1997,75.900002,10.486617,17.5,,208.5
Rhode Island,1997,90,10.153225,22.9,,217
Delaware,1997,124.1,10.261678,24.9,,171.89999
Missouri,1997,120.6,10.071413,23.5,,163.39999
West Virginia,1998,114.6,,,,171.10001
Maine,1998,94.5,,,,219.60001
Nevada,1998,102.4,,,,200.60001
Delaware,1998,132.8,,,,179.2
Mississippi,1998,107,,,,175.8
North Carolina,1998,126,,,,167.60001
Virginia,1998,105.6,,,,162.2
Connecticut,1998,75.5,,,,217.89999
Ohio,1998,106.4,,,,172.89999
South Dakota,1998,88.300003,,,,192.8
New Mexico,1998,62.599998,,,,183.8
Iowa,1998,94,,,,193.8
Indiana,1998,135.89999,,,,166.8
South Carolina,1998,126.9,,,,165.3
Illinois,1998,80.300003,,,,202.3
Pennsylvania,1998,92.099998,,,,190.89999
Nebraska,1998,83.099998,,,,194.60001
Minnesota,1998,83.199997,,,,220.2
Tennessee,1998,119.7,,,,167.7
Vermont,1998,97,,,,213.89999
Idaho,1998,78.900002,,,,187.10001
Montana,1998,89.099998,,,,175.39999
California,1998,52.299999,,,,207.8
Colorado,1998,81.199997,,,,185.8
Texas,1998,73.199997,,,,201.8
Wisconsin,1998,88.699997,,,,210.8
Louisiana,1998,103.2,,,,185.89999
North Dakota,1998,79.099998,,,,205.2
Kansas,1998,87.599998,,,,184.3
Alabama,1998,106.2,,,,180.5
New Hampshire,1998,173.8,,,,197
Utah,1998,42.299999,,,,222.7
Georgia,1998,100.5,,,,168.7
Kentucky,1998,171.3,,,,155.7
Wyoming,1998,102.9,,,,168.8
Arkansas,1998,109.5,,,,187.3
Rhode Island,1998,88.699997,,,,232.2
Oklahoma,1998,112.2,,,,183.60001
Missouri,1998,120.1,,,,173.8
Vermont,1999,94.099998,,,,233.7
West Virginia,1999,112.4,,,,192.39999
Iowa,1999,91.699997,,,,213
Wisconsin,1999,84.400002,,,,243.5
South Carolina,1999,109.4,,,,179.60001
Missouri,1999,118,,,,197
Maine,1999,85.5,,,,267.79999
Nebraska,1999,86.599998,,,,214.60001
Kentucky,1999,165.3,,,,179.2
California,1999,47.200001,,,,224.89999
Colorado,1999,79.599998,,,,204.2
Connecticut,1999,73.400002,,,,236.5
North Carolina,1999,113.1,,,,186.8
South Dakota,1999,83.5,,,,207.89999
Georgia,1999,97.099998,,,,188
Kansas,1999,83.300003,,,,207
Nevada,1999,103.9,,,,225.8
Delaware,1999,139.5,,,,198.3
Utah,1999,43.900002,,,,243.7
Louisiana,1999,101,,,,208
Idaho,1999,75.099998,,,,210.7
Arkansas,1999,104.8,,,,206.89999
Rhode Island,1999,86.900002,,,,251.7
Indiana,1999,133.3,,,,190
North Dakota,1999,74.699997,,,,223.60001
Oklahoma,1999,111.4,,,,203.39999
Ohio,1999,104,,,,193.2
New Hampshire,1999,171.7,,,,222.8
Minnesota,1999,80.699997,,,,227.39999
Tennessee,1999,115.6,,,,189.5
New Mexico,1999,59.700001,,,,201.8
Pennsylvania,1999,91.099998,,,,205
Wyoming,1999,104.8,,,,189.60001
Mississippi,1999,103.9,,,,199.5
Texas,1999,67.599998,,,,225
Alabama,1999,100.7,,,,195.60001
Illinois,1999,72.199997,,,,240.5
Montana,1999,82.599998,,,,196.2
Virginia,1999,102.1,,,,183.7
Minnesota,2000,76,,,,303.60001
Georgia,2000,88.400002,,,,257.39999
California,2000,41.599998,,,,351.20001
Wisconsin,2000,80.099998,,,,312.79999
Alabama,2000,96.199997,,,,270.70001
North Dakota,2000,72.5,,,,297.5
Louisiana,2000,104.3,,,,281.20001
South Carolina,2000,103.9,,,,255.3
Colorado,2000,73,,,,281.29999
Wyoming,2000,90.5,,,,267.10001
Montana,2000,75.5,,,,260.70001
Kentucky,2000,156.2,,,,243.39999
Kansas,2000,79.800003,,,,271.20001
Nevada,2000,93.199997,,,,303.5
Utah,2000,40.700001,,,,312.89999
Delaware,2000,140.7,,,,276.20001
Arkansas,2000,99.400002,,,,279.29999
Oklahoma,2000,108.9,,,,272.60001
South Dakota,2000,75.099998,,,,272.89999
Indiana,2000,125.5,,,,260.20001
North Carolina,2000,109,,,,257.29999
New Hampshire,2000,147.3,,,,313.89999
Tennessee,2000,108.7,,,,261.20001
Iowa,2000,88.900002,,,,286.29999
West Virginia,2000,107.9,,,,253.7
Texas,2000,69.300003,,,,292.29999
Missouri,2000,113.8,,,,258.79999
Nebraska,2000,77.599998,,,,288.29999
Illinois,2000,70,,,,312.70001
Pennsylvania,2000,87.900002,,,,280.10001
Virginia,2000,96.699997,,,,252.8
Maine,2000,82.900002,,,,330.5
Idaho,2000,66.900002,,,,275.89999
Mississippi,2000,97.199997,,,,272
New Mexico,2000,53.799999,,,,279.79999
Connecticut,2000,71.400002,,,,312.29999
Vermont,2000,88.900002,,,,301.10001
Ohio,2000,99.900002,,,,265.39999
Rhode Island,2000,83.099998,,,,322.89999
