ID,weibo_active_level,censor_dummy,weekday,log_comment,log_rating
9,4.061051228130096,0,1,10.463829439542184,4.0543852131637825
62,4.628682046672366,0,1,12.42248566205894,4.688925210474633
37,5.4177271900095105,0,2,13.009343954159831,4.605156155987985
97,5.592240554129152,0,4,14.231013075409253,5.245976915276468
51,5.64816793878959,0,5,13.037046319120847,3.8605843724845603
44,4.3977926088214225,0,1,9.59472897835766,2.8195640996814735
24,2.1505036275730864,0,2,4.808570242572888,1.171669489040659
79,5.183521553071005,0,2,11.128588938555371,3.0377686828831143
59,5.662526862807128,1,2,18.079109228989434,9.156438646616166
32,8.704556369017876,1,4,15.793589613319218,3.447312205706245
96,2.072970103735763,0,5,3.1334011991867214,0.8759461628925265
88,5.657502219319369,0,4,14.120699516598105,5.571951345640863
52,4.229835439167367,0,3,12.770238089784396,6.332842406879778
62,4.628682046672366,0,7,13.804005883259784,7.518495829673556
58,4.381575248297571,0,2,11.486221902415695,4.6199681496500995
52,4.229835439167367,1,3,11.96950974482134,5.250821307731833
12,4.068540492859486,0,6,14.048455904512597,7.042050231739887
39,2.343627902203139,0,1,6.769488650289028,2.8565897520234875
2,4.72347139765763,0,7,10.29301533852657,3.276510460954626
3,6.295377076201385,0,1,11.451008236181387,2.176816772203844
56,6.862560238232398,0,4,14.039929593979332,4.195960712895995
81,4.560656224324976,0,7,13.400858323059108,6.422255817115779
59,5.662526862807128,1,5,14.819523314252896,5.583109434314936
2,4.72347139765763,0,3,11.66208958282684,5.653975734050356
2,4.72347139765763,0,5,8.332422395047274,0.9841162277911346
92,6.937289981065779,0,4,13.136893340619595,2.4389752598704653
54,6.2233525776817356,0,1,9.664030353878369,1.5848674245349281
87,6.830804235404148,0,7,16.333696145806346,5.973885689260223
96,2.072970103735763,0,5,11.785772466078676,6.485489117454578
97,5.592240554129152,0,5,14.358240097313688,5.998689519027748
1,5.993428306022466,0,1,11.32721058610664,2.8012394167669004
19,3.1839518489575784,1,7,12.483338940445222,6.420507621691686
2,4.72347139765763,1,3,10.553280913621045,3.387504870095129
53,3.6461559993880828,0,1,7.341238415192304,0.462488030252739
44,4.3977926088214225,0,5,8.996048547414809,2.8021588807020437
90,6.026534866226712,0,3,12.223416161982328,3.450630813197596
32,8.704556369017876,0,3,18.055810634089184,5.636616983313841
70,3.7097604907897512,1,1,9.432625107133088,3.9002602082165527
32,8.704556369017876,0,5,13.754931690500344,1.9859278555260724
68,7.007065795784048,0,4,17.08648283028692,7.062057940995175
55,7.061999044991902,0,5,14.716376064471115,4.821293430270942
75,0.0,0,2,2.425745670514894,2.062427875469274
56,6.862560238232398,0,7,16.407147684728905,6.902990744233651
17,2.9743377593311524,0,6,6.121564743400645,1.5593931642472443
38,1.0806597522404489,0,4,3.273827091245124,0.9638713184666919
24,2.1505036275730864,0,3,9.827151323234254,6.177150496080925
69,5.723272050095268,0,4,17.382242283519098,7.967696794684512
98,5.522110544359778,0,7,11.351498560162703,3.752766752347118
70,3.7097604907897512,0,3,9.935207788478607,3.7582371766905562
86,3.996485912830927,1,7,7.778278103094709,2.604679558873836
11,4.0731646143750755,1,3,10.797773607194635,4.025802524531344
16,3.8754249415180544,0,4,8.602589807532047,2.8621874040188127
97,5.592240554129152,0,3,12.855533690912345,3.85519172538207
73,4.928347921780097,1,3,12.567973358019472,5.840679112935979
59,5.662526862807128,0,2,10.277503429760275,2.0095404118837856
70,3.7097604907897512,0,5,9.057907315364416,4.008891336067814
80,1.0248621707982144,1,5,2.9966578831570523,0.026260307743352973
93,3.5958938122452953,0,6,9.052788402581758,3.616750636625337
3,6.295377076201385,0,6,13.20483346451176,4.328873965821094
20,2.175392597329417,0,2,7.418707104702226,4.895957787924954
59,5.662526862807128,0,6,13.525645511652609,4.384728414125817
36,2.5583127000579555,0,7,10.043237175065988,4.89487573463169
19,3.1839518489575784,0,4,6.34410508243384,1.2666555401599133
90,6.026534866226712,0,1,9.63613586959456,2.566598956654241
67,4.855979756839332,0,7,12.05575528159829,4.556933192776725
19,3.1839518489575784,0,1,5.571444819051486,-0.7955057497050751
20,2.175392597329417,0,1,8.095360143593782,4.114370251203509
96,2.072970103735763,1,2,5.315569702042638,2.235879019799927
71,5.722791211016828,0,7,15.54847258230563,6.407166253286403
52,4.229835439167367,0,2,10.655164375042148,4.865161135772513
33,4.973005550524132,1,3,11.816825615456118,3.334993039469791
40,5.393722471738247,0,1,15.365214289268302,6.304823476789759
39,2.343627902203139,0,4,5.14447809664828,2.2956859574514303
82,5.7142251430234925,0,6,10.4848331984332,2.1446361678423886
1,5.993428306022466,0,4,10.712936306367258,2.2698680459078395
11,4.0731646143750755,0,6,8.279994242176624,3.1379273403402914
92,6.937289981065779,0,1,14.418077750810431,4.7704482387378
57,3.3215649535547227,0,1,9.64456205110583,4.34507098430578
89,3.9404795924659224,0,1,11.899345835293785,6.3914262879390895
50,1.473919689274532,0,2,2.284084068793887,0.8205185924895251
23,5.1350564093758475,0,7,11.111158189632569,2.923097339306166
31,3.796586775541206,0,6,7.9277470242133585,2.5626497130022465
94,4.3446757068044635,1,7,10.378840260086806,3.444266262567891
42,5.342736562379941,0,2,17.224871344590056,8.322014278470798
99,5.010226913284922,0,2,11.57454717625276,5.099249362771928
7,8.158425631014783,0,5,18.341508693733548,5.908546033763306
16,3.8754249415180544,0,4,15.072338727682094,6.625474473988874
90,6.026534866226712,0,4,15.408382543546788,6.98464821506973
60,6.951090254244718,0,3,14.243180925279258,4.3347381085984225
2,4.72347139765763,0,2,9.241546347733781,1.9667784983269978
1,5.993428306022466,0,6,13.662453223992635,4.747739643864045
48,7.114244452437831,0,5,13.919285953748037,3.3556765530149333
12,4.068540492859486,0,5,7.636811157422987,1.5253842741939623
69,5.723272050095268,0,7,13.716264879728342,4.660870012588667
37,5.4177271900095105,0,4,13.27608639529011,4.56196604393936
32,8.704556369017876,0,2,20.33635886729669,7.866962227167476
9,4.061051228130096,1,3,8.814358463249523,2.7347018312469378
99,5.010226913284922,0,2,11.598791376158877,4.454270805687271
19,3.1839518489575784,1,7,7.609876947864605,2.9199993089928395
48,7.114244452437831,1,1,17.014668907255,6.930271390746517
80,1.0248621707982144,1,2,5.03585202506127,2.7328914005645846
3,6.295377076201385,1,7,11.859867625888795,2.6873758781759793
20,2.175392597329417,0,1,7.285007665409867,4.023367422257181
24,2.1505036275730864,0,1,8.060423630892593,3.4534673440953934
54,6.2233525776817356,0,3,13.72752214340993,4.960928302665963
33,4.973005550524132,0,6,12.9089085772698,6.299878470462675
24,2.1505036275730864,0,4,4.744299761495574,1.5966717577797405
75,0.0,0,2,3.4708486763894015,2.0410073551801906
72,8.076073132931938,0,1,17.662352101222698,5.892536226076791
36,2.5583127000579555,0,2,5.761615273317364,2.5731804090146446
38,1.0806597522404489,1,6,6.7921035328293105,3.1951885581206443
84,3.9634595634527052,0,4,4.593299855304038,-0.07362772321000685
99,5.010226913284922,0,6,16.642716316058554,8.554656287084343
89,3.9404795924659224,1,4,9.552113239427426,3.198222441107747
99,5.010226913284922,1,5,14.264674609174039,7.459886827693148
25,3.9112345509496347,0,4,8.988724174674054,4.019833538901947
93,3.5958938122452953,1,3,10.384579747546725,4.085419737693809
18,5.628494665190548,1,6,16.08416249085671,7.019613816886499
82,5.7142251430234925,1,1,15.62903919535602,7.040625586130342
66,7.712480057141645,0,5,16.08553833724915,3.5537717871590773
54,6.2233525776817356,0,3,14.319229541881965,4.267533036801235
35,6.645089824206378,0,2,16.679712517506697,6.235357454885344
80,1.0248621707982144,0,6,10.395413807565802,6.902161545935021
61,4.04165152430942,0,7,11.176699530823699,4.595869116987046
41,6.476933159990821,0,7,18.162885138072106,8.310007169878736
100,4.530825733249706,1,1,10.866593267797274,4.478561506858995
33,4.973005550524132,0,4,13.752038445341645,5.678462338985895
68,7.007065795784048,1,1,16.55688316709369,7.558244477647856
33,4.973005550524132,0,7,10.425539114169686,2.398629778939431
14,1.1734395106844042,0,2,4.517444006885752,2.509235636643344
21,7.931297537843108,1,5,18.562179721782552,5.8681545950343565
48,7.114244452437831,0,5,13.568532342704778,3.6046091471543424
20,2.175392597329417,0,6,5.986060044947608,1.9961277604291419
8,6.534869458305818,1,5,13.774768135880127,3.604976289084648
7,8.158425631014783,0,6,14.594246410032222,3.5925642763140075
67,4.855979756839332,0,6,13.588326083292232,5.230766176254481
17,2.9743377593311524,1,6,9.758604675103697,4.3682790036426615
33,4.973005550524132,0,7,13.416152592969306,6.381332375158544
48,7.114244452437831,0,7,15.598768950622766,5.413708480940608
76,6.643805008750448,0,4,13.00499724610881,2.558675127971729
59,5.662526862807128,1,3,14.252746231531287,5.746322774573919
86,3.996485912830927,0,6,12.508819580689368,5.927224366797894
22,4.548447399026928,1,6,11.531406872094061,5.032196054936939
30,4.416612500413446,0,3,11.707273048549645,5.255155241784639
38,1.0806597522404489,0,1,3.678663801121224,2.808898207112531
51,5.64816793878959,0,6,13.522482621423494,4.240567516643722
54,6.2233525776817356,1,4,11.061773657086139,2.86094454445787
8,6.534869458305818,0,5,14.568575661025463,4.147760277612356
27,2.6980128451553944,0,5,5.2812674893841995,1.3661578806375774
27,2.6980128451553944,0,2,5.298596769615852,0.9648698256053606
98,5.522110544359778,0,2,11.118915502721688,3.839945755202562
21,7.931297537843108,0,5,14.935767244064904,3.5357788361609233
30,4.416612500413446,0,5,11.715274851898446,4.278648517616438
97,5.592240554129152,0,7,12.159519683448343,4.866124602636223
28,5.751396036691344,0,4,12.448444554475468,5.485513718646641
64,2.6075867518386584,0,3,9.110259964968613,5.012483206903211
97,5.592240554129152,0,2,11.727684108552394,3.4278800874555393
69,5.723272050095268,0,7,12.02033522669677,3.075049424757541
61,4.04165152430942,1,7,13.889428348035105,6.191265569042569
48,7.114244452437831,0,3,14.945201167311605,4.435778289075747
19,3.1839518489575784,0,7,8.439722150211626,3.2176248927643663
4,8.046059712816051,1,4,15.883443204452664,4.407162987994091
35,6.645089824206378,0,5,14.187129292929974,4.964361106806784
64,2.6075867518386584,1,6,7.0230686892072205,2.652343836360126
49,5.687236579136923,0,3,10.438690741253597,2.6059303140567476
17,2.9743377593311524,0,5,6.116479444539646,2.129405654059844
44,4.3977926088214225,0,5,12.84790838156165,6.182941980697138
92,6.937289981065779,0,1,13.352722766531341,3.284125080581232
30,4.416612500413446,0,3,10.783105130910451,3.585491777761202
93,3.5958938122452953,0,7,12.073900555453557,4.468119074589981
46,3.5603115832105825,0,6,9.070269111339387,3.4588891980417884
6,4.531726086101639,0,3,12.107392450418377,4.884752216418615
99,5.010226913284922,0,7,8.16009330124148,2.3471096394862974
37,5.4177271900095105,0,5,12.005346530182948,4.923708979706426
24,2.1505036275730864,0,6,7.763836309364468,3.277087528451072
93,3.5958938122452953,0,7,9.76677187486366,3.450308653193119
46,3.5603115832105825,0,4,7.1963626491716575,1.102098400595616
53,3.6461559993880828,0,7,12.425002074676705,5.639150229416741
95,4.215783693735685,1,1,8.84692921490709,2.7113917918769403
99,5.010226913284922,0,5,12.132134331035582,4.552457376454476
60,6.951090254244718,0,7,14.8759003285534,4.639802627103964
97,5.592240554129152,0,2,14.242275799623755,6.437838626501876
63,2.7873300519879436,0,2,12.945888276499282,7.043711316543485
85,3.3830127942136246,1,1,7.037497185687187,2.265808602993164
32,8.704556369017876,0,4,15.950780679596093,3.257381038890773
87,6.830804235404148,0,5,14.609248118751756,5.818804977208141
33,4.973005550524132,0,3,8.456153267013162,2.9980733334968233
67,4.855979756839332,0,1,13.720253214380714,5.488759065428594
18,5.628494665190548,1,4,14.63113743722258,5.2463809546928255
25,3.9112345509496347,0,3,11.499558619206917,4.4116964860759555
95,4.215783693735685,1,2,10.316162874467274,4.823303164798288
54,6.2233525776817356,0,2,17.06436577233219,6.745798360922642
58,4.381575248297571,0,3,8.328503475799591,2.562845567952645
67,4.855979756839332,1,1,11.570108374594362,5.357027615121086
46,3.5603115832105825,0,2,7.628218209646017,2.2694260485112077
24,2.1505036275730864,1,5,8.412115240820043,4.561016901050714
32,8.704556369017876,0,6,14.26882538037573,1.773150908544237
47,4.078722458080425,0,7,11.00521464063349,4.630775471400028
86,3.996485912830927,0,3,10.882442167709623,4.120872102483006
23,5.1350564093758475,0,3,9.767908059213047,2.572864972840266
66,7.712480057141645,0,2,14.427817936702205,4.188518575923366
27,2.6980128451553944,1,1,8.202969735459527,3.026926526358925
2,4.72347139765763,1,5,12.6954699942796,5.819850549309724
90,6.026534866226712,1,1,11.127936234444041,2.2934382337644315
17,2.9743377593311524,0,4,7.1211577547145195,2.4865191603950745
33,4.973005550524132,0,4,14.519762491691262,6.495250051021486
9,4.061051228130096,0,6,9.852748124362328,3.6862159665005256
43,4.768703435223519,0,2,9.109801218695605,2.2395603610461663
48,7.114244452437831,0,2,16.60551020468992,5.5029551471776275
39,2.343627902203139,0,2,6.711082578005338,3.652109252114397
93,3.5958938122452953,0,6,12.433888636037423,5.9489876135739514
42,5.342736562379941,0,4,11.701392990632492,3.5947182973861054
26,5.2218451794197325,0,1,12.545805801613255,4.140336392515353
99,5.010226913284922,0,6,13.424489733018206,6.164464505505878
50,1.473919689274532,0,6,7.053285328233073,3.1678641810940196
25,3.9112345509496347,0,1,11.854429723029599,4.9357671320372125
24,2.1505036275730864,1,2,8.207850430631936,4.104312490815709
13,5.483924543132068,0,5,16.237960620582278,8.16002077688105
60,6.951090254244718,0,1,17.714894220767963,6.667516672832748
7,8.158425631014783,0,4,14.018459597990722,2.121729160436586
57,3.3215649535547227,1,3,10.402773597635072,4.742029667520068
36,2.5583127000579555,1,3,7.132067049619434,3.298513028301705
45,2.0429560192651453,0,7,7.631383247208952,4.331966460494121
20,2.175392597329417,0,7,8.282137649769826,3.268726294009431
65,6.625051644788396,0,6,12.492920686563945,2.6197201472229126
8,6.534869458305818,0,3,16.112577165215804,6.076045153941851
16,3.8754249415180544,1,5,10.847081608156389,3.803027798167286
14,1.1734395106844042,0,2,5.2541606712649145,3.045995555170252
76,6.643805008750448,0,4,14.564590764641343,3.654275620295556
87,6.830804235404148,0,7,13.493594132101471,4.378208606050921
15,1.5501643349739345,0,5,7.777568139736992,4.185953656554221
92,6.937289981065779,0,4,13.573685444243612,4.905601639061365
98,5.522110544359778,1,4,6.805298323378217,-0.7501010818767487
66,7.712480057141645,1,2,15.859697473461813,4.636141349860039
32,8.704556369017876,0,6,15.2276872097641,2.3311632724233795
87,6.830804235404148,0,3,13.781225115769626,3.811435237919681
63,2.7873300519879436,0,2,6.325872521673521,1.5654932327467384
86,3.996485912830927,0,5,6.872325278975057,1.5951613733271863
51,5.64816793878959,0,6,15.915830413958874,6.484144037768288
25,3.9112345509496347,0,5,9.289495143583935,3.0191949718935973
58,4.381575248297571,1,6,10.11575581242308,3.313520087883111
63,2.7873300519879436,0,7,9.277853844083896,5.031732395326206
62,4.628682046672366,0,5,11.143023760921446,3.4685082757934467
22,4.548447399026928,0,2,15.874153204412087,7.824015414932953
58,4.381575248297571,0,6,10.54807421128658,3.728796280402807
58,4.381575248297571,0,6,11.026679504118988,4.859053633753373
86,3.996485912830927,0,4,11.87910059798499,5.923647514370696
49,5.687236579136923,0,4,15.52107305716614,6.868411839252368
52,4.229835439167367,0,1,8.036669444039688,2.2349900893714603
42,5.342736562379941,0,5,12.108836886817645,2.9745807685863603
70,3.7097604907897512,0,4,12.249912723600309,6.645722291668482
15,1.5501643349739345,0,1,8.076124128420137,5.407831092906584
54,6.2233525776817356,0,7,16.5334318545723,6.590789431128682
60,6.951090254244718,0,7,11.751231993054557,2.5276681478972898
97,5.592240554129152,0,4,15.364124871198799,6.777634126192964
8,6.534869458305818,0,5,12.467116290631624,2.7921621052531798
53,3.6461559993880828,0,6,9.587485429427469,3.7569843052565717
60,6.951090254244718,0,3,14.602367510827515,3.6932274364023465
5,4.531693250553328,0,5,9.153743163601767,3.203729405813237
68,7.007065795784048,1,2,11.731891461537161,1.8078130731451376
6,4.531726086101639,0,7,7.3129413098765115,1.6429514906437477
96,2.072970103735763,0,4,7.594381220790588,3.844522815969695
94,4.3446757068044635,0,4,7.808115942499709,1.1547123547785756
47,4.078722458080425,0,6,7.890464952743111,1.5411407038689149
99,5.010226913284922,1,2,11.199885645483368,3.498857568757132
55,7.061999044991902,0,6,9.574620153558378,0.7083686564191333
40,5.393722471738247,0,2,13.857334063925604,5.012097934568656
52,4.229835439167367,0,3,5.840514807974941,1.0275926408771074
16,3.8754249415180544,0,7,9.620057227987528,3.4256434220647716
13,5.483924543132068,0,4,13.058221722449927,4.703325997462049
30,4.416612500413446,1,4,12.049456279688547,4.939412561114074
19,3.1839518489575784,0,3,8.740642792244142,3.651263284376481
17,2.9743377593311524,0,1,12.969514675352471,6.688103024722536
63,2.7873300519879436,1,7,8.87644454170956,4.162923285148088
19,3.1839518489575784,0,6,10.316239394681855,5.032899540150674
92,6.937289981065779,0,3,13.429485698968906,2.4169658067077386
58,4.381575248297571,0,6,10.604123383633198,4.301346886756246
55,7.061999044991902,1,5,18.455352649161362,6.849178854041647
90,6.026534866226712,0,4,12.743537230514063,4.759985294079435
90,6.026534866226712,0,6,14.114306976426064,5.199793701481865
62,4.628682046672366,0,2,12.889620691684696,6.608958333543068
23,5.1350564093758475,0,6,10.553090207250822,2.6015232881836816
9,4.061051228130096,0,5,6.6735779258101955,0.4930861626678733
12,4.068540492859486,0,7,10.779449773506554,3.150969978078682
1,5.993428306022466,0,4,14.972072248381803,5.839309788531822
58,4.381575248297571,0,3,8.496991649553308,1.8717796916297142
1,5.993428306022466,0,5,14.948413051963856,5.5771951899632795
34,2.8845781420881993,0,4,9.706425421103965,4.964907917848866
96,2.072970103735763,0,6,1.869732127164155,-0.18997489008070656
48,7.114244452437831,0,7,12.793777925094025,1.5183235268175381
89,3.9404795924659224,0,1,9.757741588078769,3.5101419057513725
1,5.993428306022466,0,7,12.543377363851363,4.2266216819973
16,3.8754249415180544,0,1,8.621399964233015,3.4164513005857513
61,4.04165152430942,0,2,8.439729210316594,2.832837745296852
64,2.6075867518386584,1,7,10.588262328859148,6.500682036302434
63,2.7873300519879436,0,4,7.928136225744135,4.183945885901537
69,5.723272050095268,0,1,11.83138676518828,1.9619060739944796
22,4.548447399026928,0,3,9.855205904682386,3.666292109785842
93,3.5958938122452953,1,4,10.894106059728017,4.512141865535162
67,4.855979756839332,0,3,11.094187772981709,4.169597442449328
76,6.643805008750448,0,7,14.158473366206822,3.0079095442641393
26,5.2218451794197325,0,3,11.18989389972552,3.8037822180887315
16,3.8754249415180544,0,1,8.702901753886247,2.7521889573451035
51,5.64816793878959,1,4,11.491801055823055,3.4118658714337338
86,3.996485912830927,0,6,10.569176722299714,4.676685185976024
57,3.3215649535547227,0,5,6.621195545476026,2.8020943633833966
29,3.79872262016239,0,1,11.633668830350894,3.8222956508033987
78,4.401985299068265,1,1,13.296431746270493,6.5052958908022
92,6.937289981065779,1,6,16.141247752823304,5.675774942354561
69,5.723272050095268,0,4,11.71598699740854,3.5682271830048027
47,4.078722458080425,1,4,8.084425112180242,1.3856174870669278
94,4.3446757068044635,1,7,13.404323596202905,6.40564751365967
62,4.628682046672366,0,3,9.164685277261732,1.9649710509246021
69,5.723272050095268,0,7,14.419238465517838,5.354241883503912
76,6.643805008750448,0,6,15.386485153976809,5.420019747755729
16,3.8754249415180544,1,7,9.944611791241186,4.393431976270531
90,6.026534866226712,0,6,12.579274009239164,3.5647768124841583
90,6.026534866226712,1,4,8.954305503535478,0.8980266521525173
48,7.114244452437831,0,3,16.012149461986716,5.32620273944276
85,3.3830127942136246,0,7,10.041421561120883,4.846621472723857
39,2.343627902203139,0,1,5.895540263208054,1.2913412854266573
100,4.530825733249706,0,2,11.271093923882855,3.86278296200512
33,4.973005550524132,1,5,11.64748521262799,4.172095677577762
94,4.3446757068044635,1,1,12.577335238151722,5.622431638458601
23,5.1350564093758475,1,4,12.251082620240787,3.7447366771075288
10,6.085120087171929,0,5,9.827110712762337,2.0343917817115793
69,5.723272050095268,0,2,12.525747037350962,3.40875264349139
100,4.530825733249706,0,2,10.974654259782902,3.8804332686043224
34,2.8845781420881993,0,3,10.121573682260033,4.620060725247178
52,4.229835439167367,0,5,9.306322538152893,3.971371603678184
95,4.215783693735685,0,3,15.301587140212694,7.731675514428579
10,6.085120087171929,0,1,10.19645064177453,1.6461875192872502
19,3.1839518489575784,0,6,8.474923201771922,2.1478823602862764
58,4.381575248297571,1,6,10.818169825247963,5.276114021267587
96,2.072970103735763,1,6,6.867822276266132,3.8322807964808807
1,5.993428306022466,0,5,9.912865678590219,2.0153529660591687
69,5.723272050095268,0,6,13.123558643418882,4.831065557041824
4,8.046059712816051,0,1,17.994605416497635,5.723400682772144
16,3.8754249415180544,0,3,9.291024310488904,4.3396354433837345
24,2.1505036275730864,1,5,7.797197846255605,4.368750219712053
80,1.0248621707982144,1,3,5.562043574326305,2.9259791193616995
2,4.72347139765763,0,5,8.255337845867993,1.680022901436906
92,6.937289981065779,0,3,13.736677766997026,2.427856195081247
32,8.704556369017876,0,2,17.942357891981036,4.844180305005138
91,5.194155098696081,0,3,13.151512746417357,3.7358359677649062
84,3.9634595634527052,0,6,10.475661093633196,4.411930860593344
24,2.1505036275730864,1,2,8.954895841905449,4.380645000651433
12,4.068540492859486,0,3,8.878395382360026,2.230331430721389
50,1.473919689274532,0,5,6.857408135921938,3.328869137248513
35,6.645089824206378,1,5,15.213757244124794,5.454192992752755
33,4.973005550524132,0,5,11.363175754791135,3.9063686564476785
33,4.973005550524132,0,4,9.720222226297569,1.5204580505042218
61,4.04165152430942,0,1,8.890312235182737,1.5943643681696593
51,5.64816793878959,0,5,15.278177634616185,5.81106264339592
43,4.768703435223519,0,2,15.049631071463525,6.303287298184982
12,4.068540492859486,0,5,13.212034535616715,5.9550877603657195
67,4.855979756839332,0,4,11.188058729624712,4.387197203831374
65,6.625051644788396,1,6,12.745152754624057,2.6848492160250257
33,4.973005550524132,0,2,12.20578904757364,4.634524820483017
40,5.393722471738247,1,4,15.132163926465063,6.92985369105136
74,8.129287311628012,1,6,18.09536230613636,5.577037526418527
43,4.768703435223519,0,7,10.51946723698617,3.7531122087207094
44,4.3977926088214225,1,7,12.46325443896944,5.019644809528958
29,3.79872262016239,0,2,6.801158496475327,0.9547463629075651
13,5.483924543132068,1,3,10.73043485460838,3.575509504333322
12,4.068540492859486,0,1,8.589392521844843,2.6843715968948985
95,4.215783693735685,0,1,12.09926254879684,5.908450979192631
46,3.5603115832105825,0,4,11.231392803972962,6.33454418321624
2,4.72347139765763,1,6,10.934470723745727,3.2746979654506427
35,6.645089824206378,0,1,11.46434223532194,2.6693397482334307
87,6.830804235404148,0,6,14.402197616211287,5.666365919754259
81,4.560656224324976,1,6,10.434567093552113,3.293311565553383
90,6.026534866226712,0,4,11.589078336984757,3.0867572279312347
8,6.534869458305818,0,4,14.76900258753001,4.224825810869581
93,3.5958938122452953,0,4,8.085047539371635,2.7466607359475397
26,5.2218451794197325,0,1,8.839215194290697,2.500367107362475
74,8.129287311628012,0,7,13.84364072169555,3.0115052716765387
90,6.026534866226712,1,4,9.996934074631941,1.2898103964799983
34,2.8845781420881993,0,1,9.84353582310068,4.1574632738901665
7,8.158425631014783,0,4,15.735239898682636,4.233682000885377
68,7.007065795784048,0,5,14.738717589706859,4.199070330608076
58,4.381575248297571,1,6,11.612698065647628,4.087761320891442
75,0.0,1,4,6.793473012251438,5.424875748070947
29,3.79872262016239,0,2,8.852123261534917,3.7518678698810244
36,2.5583127000579555,1,6,9.761520555338485,4.763584233438351
89,3.9404795924659224,0,6,8.027059398036027,2.1164021736776535
21,7.931297537843108,1,4,18.56782407150612,7.461471727008637
36,2.5583127000579555,0,7,5.648056606167434,1.4241547585031937
10,6.085120087171929,1,3,12.105670101139195,2.7656920008500387
73,4.928347921780097,0,7,10.098195981035293,2.7526630490781625
24,2.1505036275730864,0,4,4.787404465934017,0.33080297728905916
64,2.6075867518386584,0,6,8.156777598192638,3.8807062423298944
99,5.010226913284922,0,2,11.709330681029858,3.0395566721166647
49,5.687236579136923,0,6,12.312243374609015,4.24281158563177
99,5.010226913284922,0,7,8.236007819494905,1.549169801762313
36,2.5583127000579555,0,2,12.622564934499984,7.473055778974986
82,5.7142251430234925,0,1,14.92057893509537,5.8444122297360765
96,2.072970103735763,0,5,12.800308929850832,8.330761252629447
24,2.1505036275730864,0,6,5.971175345613683,3.2052395435593075
23,5.1350564093758475,0,4,13.994566453854818,6.147252893127051
62,4.628682046672366,1,1,13.392687859266033,5.129616193609824
96,2.072970103735763,0,5,7.408654451207512,3.1861472694017685
37,5.4177271900095105,0,4,15.190865802858598,5.505017418499628
12,4.068540492859486,0,3,9.718285687751218,2.9126183371183707
55,7.061999044991902,0,4,14.497538932227178,3.717918561119112
13,5.483924543132068,1,2,5.01418330254597,-1.4325897028741439
23,5.1350564093758475,0,2,13.426944840259274,4.581056050368979
89,3.9404795924659224,0,3,8.427115510947685,1.2313146766039433
99,5.010226913284922,0,1,11.29641403095609,2.359793658048279
30,4.416612500413446,0,5,8.249682517322837,1.9874300343180833
17,2.9743377593311524,0,4,7.044043332650768,4.130482925471649
62,4.628682046672366,0,2,12.485142867202384,5.049888149494909
84,3.9634595634527052,1,1,9.88737774679553,4.475239825430279
89,3.9404795924659224,0,3,11.773568646771992,4.791791684103785
86,3.996485912830927,0,7,13.593562300421429,5.47107565336948
13,5.483924543132068,0,6,11.459817353143226,2.9822490982535355
59,5.662526862807128,0,7,11.647878481973985,3.398371430594409
19,3.1839518489575784,0,7,11.129744567054544,4.55250151545884
49,5.687236579136923,0,2,14.25619462619413,5.477895187524423
100,4.530825733249706,1,3,12.198492238077714,5.037555182976695
12,4.068540492859486,1,4,8.510881877686165,1.7623573246279416
61,4.04165152430942,0,7,11.057559983058463,3.677897087895838
19,3.1839518489575784,0,7,9.599072858430558,4.268940041018869
76,6.643805008750448,0,5,17.753755203044634,6.377104654771241
9,4.061051228130096,0,2,9.295401832828707,3.4597469827913123
71,5.722791211016828,0,2,9.130110261206406,0.8578827147695454
28,5.751396036691344,0,4,15.016687833176345,5.916985355411779
78,4.401985299068265,1,6,4.991831944428083,0.42628271680059776
95,4.215783693735685,0,1,8.466194647296314,2.8804567250035635
52,4.229835439167367,1,5,8.300810416790599,1.9903196274782884
83,7.955788089483033,0,2,14.032369432153242,2.930875261611326
16,3.8754249415180544,0,5,8.305538102108285,2.378112909130397
69,5.723272050095268,0,2,15.303899052434652,5.944308481031535
99,5.010226913284922,0,5,13.593822159313302,5.931845539192552
12,4.068540492859486,1,3,10.433829142941788,3.596261731411822
25,3.9112345509496347,0,7,12.479692907064441,6.550952325220032
52,4.229835439167367,1,2,8.239185724570751,2.009261345085729
85,3.3830127942136246,0,5,7.485275113045827,1.78051514234884
100,4.530825733249706,1,1,12.414574180502676,5.2535969093044175
53,3.6461559993880828,0,3,10.112219084883757,4.320595033128744
23,5.1350564093758475,1,3,11.685035819849396,3.8853209289182504
16,3.8754249415180544,0,1,8.413142247286306,3.230978716488512
57,3.3215649535547227,0,5,11.805661984305912,6.1790503917044255
39,2.343627902203139,0,4,4.175687324498609,0.4971669341906304
53,3.6461559993880828,1,1,8.11391835573004,2.5410911907041185
42,5.342736562379941,1,5,12.934570007388274,4.296455178215483
58,4.381575248297571,0,1,15.342717134993288,8.062410769266899
39,2.343627902203139,0,1,8.93308317674871,4.108718375904755
14,1.1734395106844042,1,2,7.53863089334472,4.18168666840965
95,4.215783693735685,1,5,9.89477230615278,2.515224554317601
5,4.531693250553328,1,4,12.234440752099642,5.222988800053397
35,6.645089824206378,0,7,15.019923597023398,4.626341559945478
87,6.830804235404148,0,2,11.741792553727507,1.2228930568451335
93,3.5958938122452953,0,1,11.999433282930724,4.942930809873692
75,0.0,0,7,6.011012309112824,5.823158000949339
18,5.628494665190548,0,6,13.480416275655454,5.569443078931673
76,6.643805008750448,0,7,14.854988871893815,4.586333473411734
9,4.061051228130096,0,1,8.654107836198877,2.483972371408447
74,8.129287311628012,1,1,11.727540454711669,1.4062911426494566
58,4.381575248297571,0,5,11.066393677095512,3.819612594651372
17,2.9743377593311524,0,5,12.202733921429486,5.644988721665995
7,8.158425631014783,0,2,18.207606058421202,6.229576706135486
46,3.5603115832105825,0,4,10.845961408190403,4.4481174932649505
13,5.483924543132068,0,2,12.420106974345996,3.672623471319842
40,5.393722471738247,0,3,15.155757494656845,6.670109424153399
42,5.342736562379941,0,1,15.301629484546332,6.296512432403546
9,4.061051228130096,0,7,9.874992202446812,3.82208231671336
50,1.473919689274532,0,6,7.228871195153777,4.443239033173448
27,2.6980128451553944,0,1,8.260533112273407,2.789266973053985
66,7.712480057141645,0,1,16.93903419940776,4.609907019847142
5,4.531693250553328,0,2,8.080451871280372,2.325337491834592
29,3.79872262016239,0,6,7.013964084348064,2.416404829808472
37,5.4177271900095105,1,6,14.96116923856981,6.625387977540647
38,1.0806597522404489,1,6,7.91552456586341,5.999938266632109
83,7.955788089483033,0,2,17.673442903849136,5.928815897993614
8,6.534869458305818,0,1,14.921493389100354,5.402543488762627
65,6.625051644788396,0,2,9.053951309379476,0.2182461798227857
86,3.996485912830927,0,5,10.828054306970236,3.086986340884514
17,2.9743377593311524,0,5,9.410294311979559,5.052666520602772
71,5.722791211016828,0,2,12.896724008362238,2.585627966492489
89,3.9404795924659224,0,6,9.085100511078979,2.9248697866422244
45,2.0429560192651453,0,1,9.793155540316913,6.623608037324356
4,8.046059712816051,0,2,15.235802544780611,4.595276165408243
36,2.5583127000579555,0,2,9.4515217505112,5.766466464805828
70,3.7097604907897512,0,2,11.225813521428265,4.300814047498385
31,3.796586775541206,0,3,7.914223163040736,2.2478363652784994
19,3.1839518489575784,0,5,9.84544062345181,4.2830829290428
61,4.04165152430942,1,7,13.506973188544057,5.658112652479149
54,6.2233525776817356,0,6,17.885330403456692,6.940501419933108
39,2.343627902203139,0,4,7.3078939935426215,3.368129689762998
91,5.194155098696081,0,7,12.328292928162266,3.326090324770984
74,8.129287311628012,0,6,16.74245643563301,5.023784420687668
90,6.026534866226712,1,4,12.698951426020997,4.333868263067302
19,3.1839518489575784,0,3,11.260223732268651,6.365113664471433
39,2.343627902203139,0,2,5.931671021036857,2.4232948014546163
67,4.855979756839332,0,3,10.534816339886385,3.924561484599051
45,2.0429560192651453,1,3,5.086129140556674,1.6278378011485237
13,5.483924543132068,1,7,10.670823286867538,2.691177814722624
92,6.937289981065779,0,1,15.368390300322273,5.6192645108292805
58,4.381575248297571,0,7,12.24490138679205,5.66205919177349
20,2.175392597329417,0,5,5.638957477012522,3.5192970543073447
92,6.937289981065779,0,4,16.261096453656915,6.27534132221197
72,8.076073132931938,0,2,17.604788319869478,7.28705035400913
61,4.04165152430942,0,7,13.8888902624712,6.044776459932173
39,2.343627902203139,0,4,7.491043496456426,3.902062683477332
1,5.993428306022466,0,6,11.890924978390975,3.067479456196789
3,6.295377076201385,0,4,11.631456851435654,2.5969479225776158
77,5.174094136476342,0,6,10.3375331460916,1.97858380767725
92,6.937289981065779,1,7,17.997235013030682,6.872494253600569
62,4.628682046672366,0,5,7.653942963978763,0.5885730657556946
63,2.7873300519879436,0,7,11.912908361919332,6.219631996104379
25,3.9112345509496347,1,6,8.04032196815944,2.1155150428474503
56,6.862560238232398,0,4,13.30969135309133,3.0529667934598073
33,4.973005550524132,1,4,11.711828910340396,4.163100593301939
38,1.0806597522404489,0,6,5.7359719055189045,2.55750423013529
6,4.531726086101639,0,3,12.690407470190276,6.193970835161617
58,4.381575248297571,1,5,13.60068176992288,6.5953323520434575
44,4.3977926088214225,0,1,10.32701433322235,3.0062003708839646
45,2.0429560192651453,0,2,6.083271571170746,3.4043569568757093
32,8.704556369017876,1,4,16.849398648671222,4.620558525816975
45,2.0429560192651453,0,2,7.887672728919905,4.813149544862346
61,4.04165152430942,0,1,9.876156842027958,4.311410694960628
47,4.078722458080425,1,7,12.77240274112311,6.155005166256441
21,7.931297537843108,0,2,18.828415048135906,6.294361941095346
80,1.0248621707982144,1,1,3.506764363868111,1.860435124460329
85,3.3830127942136246,0,6,10.075927942162755,4.714329299572975
75,0.0,0,3,7.838614462948469,6.625472086107958
36,2.5583127000579555,0,4,7.275405533890465,3.1702558532962497
99,5.010226913284922,0,1,10.303786501118243,3.277306002276359
19,3.1839518489575784,1,2,8.479705434772608,3.2251070601033986
20,2.175392597329417,1,4,6.641371606873431,2.452173905290818
57,3.3215649535547227,0,3,6.64081057030576,1.6348679633425325
18,5.628494665190548,0,6,10.148070808027043,1.3237585003310524
47,4.078722458080425,0,7,10.1771764493113,4.744960860135067
49,5.687236579136923,0,4,15.755903151360021,7.006425532707458
14,1.1734395106844042,0,7,5.235397306430401,2.5212180270542786
15,1.5501643349739345,0,1,4.954363366713355,2.9129674577154367
31,3.796586775541206,0,3,13.1777739105995,7.12572231877223
1,5.993428306022466,0,2,10.962783245402193,3.0990829746452695
54,6.2233525776817356,0,3,9.737856736001824,2.142451798717283
3,6.295377076201385,0,3,11.707873029712792,3.1041593708481727
16,3.8754249415180544,0,5,8.873843550590443,2.4573222928467064
87,6.830804235404148,0,3,11.652539057542596,1.273319778488541
57,3.3215649535547227,0,3,9.184837510138097,3.6905977486960686
75,0.0,0,4,6.17396207003856,5.580926578993706
12,4.068540492859486,0,2,7.415265804883421,1.584401189247365
74,8.129287311628012,0,4,17.216667611209314,4.666563829336247
96,2.072970103735763,0,4,8.41807925683061,5.359886753756935
16,3.8754249415180544,0,1,9.593003979968875,3.7820747293965846
72,8.076073132931938,0,4,17.234819108222474,4.684654850300534
76,6.643805008750448,0,5,14.940150569071328,5.178328964997023
24,2.1505036275730864,1,5,5.493534352839648,2.3021943584265245
28,5.751396036691344,0,7,15.873570070928652,6.140431283393884
8,6.534869458305818,0,1,16.351431491489688,7.0272354416669796
92,6.937289981065779,0,7,18.402526736096807,6.251600109121794
36,2.5583127000579555,0,7,10.430692972737491,5.585375707284333
90,6.026534866226712,0,6,10.28322438789814,1.6317836777466002
8,6.534869458305818,0,2,16.190760471121017,6.123220200564982
58,4.381575248297571,0,2,12.873147021644119,4.175179807206342
60,6.951090254244718,0,4,11.611898079260277,1.6888546461107354
50,1.473919689274532,0,4,5.786104174678764,3.8186634148006102
28,5.751396036691344,0,6,13.902822567736301,5.43819519070739
92,6.937289981065779,0,4,17.94709688484728,6.795540144851521
41,6.476933159990821,0,2,14.929899791234497,6.040374887320746
100,4.530825733249706,0,7,8.734763929439927,2.195912924813748
64,2.6075867518386584,1,3,12.366805320081681,6.592497089992471
27,2.6980128451553944,0,5,8.500401076620513,3.754717568503259
63,2.7873300519879436,1,3,7.674529112179531,3.4380930607160196
17,2.9743377593311524,0,3,7.990102790298073,3.80901621229202
73,4.928347921780097,1,2,8.849133765628055,1.581872787542661
33,4.973005550524132,0,3,11.39326656023289,3.9116065201371533
84,3.9634595634527052,0,6,10.515449995201664,5.281428501997761
77,5.174094136476342,0,1,11.453294975738045,3.1659238111691232
92,6.937289981065779,0,4,16.151013834880565,5.20717137762542
29,3.79872262016239,0,1,8.840033947401349,3.085307402557628
13,5.483924543132068,0,7,11.96436601707424,4.249697836186281
46,3.5603115832105825,0,5,10.908134356262327,4.332471936816725
35,6.645089824206378,0,4,14.753431477272219,4.00335608002222
6,4.531726086101639,0,3,8.50723262165373,1.597954722984209
82,5.7142251430234925,0,5,12.28016932779406,2.7801704055210688
69,5.723272050095268,0,4,15.479035514451779,6.957847264568504
47,4.078722458080425,0,6,10.306561007213775,3.8814611888439345
25,3.9112345509496347,0,6,10.224358840247607,4.344526523343444
66,7.712480057141645,1,6,15.983605496571489,3.4563999348276484
10,6.085120087171929,0,6,15.892137334361275,7.041799123985763
56,6.862560238232398,0,3,17.427239851776967,6.518691211168404
30,4.416612500413446,0,1,13.091444616629119,4.883582261028402
5,4.531693250553328,0,4,10.118715417384127,2.7195187195806634
33,4.973005550524132,1,3,13.178074321568,4.610713081549557
65,6.625051644788396,0,6,15.650573305305878,5.174202925823537
18,5.628494665190548,0,7,10.57334364991952,3.0714496708112304
96,2.072970103735763,0,1,5.734557339156977,1.9547378096934223
49,5.687236579136923,0,7,15.94462838051298,7.199851975795124
11,4.0731646143750755,0,5,9.925629234536878,3.2446955103133273
85,3.3830127942136246,0,7,11.996309912745184,6.352865489329969
26,5.2218451794197325,0,5,14.021871826222718,6.394292700511837
63,2.7873300519879436,0,5,9.038157100829524,5.062966701836072
89,3.9404795924659224,0,6,10.841699083433229,3.908639939311238
86,3.996485912830927,0,5,7.224771655589278,1.9953842469860525
59,5.662526862807128,0,2,13.139412495685402,5.323398921633217
27,2.6980128451553944,0,4,11.324157473220355,7.036634775496263
49,5.687236579136923,0,4,12.944287081140878,5.576627825835062
77,5.174094136476342,0,6,11.181598150674404,3.8209659167921073
33,4.973005550524132,0,2,15.01403704745932,7.384299918645246
98,5.522110544359778,0,7,12.114199848865253,3.4992327232873612
99,5.010226913284922,0,3,10.670784628185984,2.966262367207745
1,5.993428306022466,0,7,13.233970113762101,4.745685964016006
21,7.931297537843108,0,3,17.734613639999193,5.520782742857944
55,7.061999044991902,1,5,11.52067197838036,1.0021759007667526
6,4.531726086101639,0,1,11.300047367700556,4.7901943612510935
92,6.937289981065779,0,3,16.833352913541837,6.832464916814806
81,4.560656224324976,0,1,10.690194241621274,4.286174151456568
69,5.723272050095268,0,4,15.37231815547983,6.551272057526992
95,4.215783693735685,0,1,11.940471731067595,5.645419884518231
5,4.531693250553328,0,4,16.432142664383008,8.174148692795876
3,6.295377076201385,1,2,12.540058353698475,3.353051603702722
53,3.6461559993880828,0,2,11.18665704197069,5.814039399740526
23,5.1350564093758475,0,6,10.378420240653162,1.8276746163421975
53,3.6461559993880828,0,6,5.719698637800336,1.2486628365864012
37,5.4177271900095105,0,5,8.415329230712072,0.7477625557224762
74,8.129287311628012,0,3,17.730159157281864,5.619953364895858
74,8.129287311628012,0,5,16.927937176369575,4.738479481179716
83,7.955788089483033,0,4,15.108690584081598,4.052536394752646
17,2.9743377593311524,1,5,4.708361292678994,0.40161562349967633
85,3.3830127942136246,0,1,7.599072433017604,2.457399839397729
78,4.401985299068265,0,4,10.962201422077001,3.775419696894835
73,4.928347921780097,0,6,12.722101000042345,5.893937468828816
1,5.993428306022466,0,2,14.142154766362085,4.383550099660173
51,5.64816793878959,0,6,11.955923753923088,4.343266719551844
45,2.0429560192651453,0,3,6.450450333177145,2.8941316143484204
77,5.174094136476342,0,4,15.614784429322672,7.187255055063202
4,8.046059712816051,0,4,14.586300744484264,3.742343067391012
62,4.628682046672366,0,1,9.386584271807079,2.2715409330796805
65,6.625051644788396,1,3,13.820008716139675,3.981218759463591
32,8.704556369017876,0,2,17.7453278275738,5.824520548737969
34,2.8845781420881993,0,7,6.266083339254754,1.6268359500217668
92,6.937289981065779,0,4,15.287745930334378,5.46578912393278
95,4.215783693735685,1,4,11.473590109853017,4.6643644515654765
72,8.076073132931938,0,1,14.323393109740598,3.136935703259111
39,2.343627902203139,0,5,9.797919170426002,3.545054445504756
26,5.2218451794197325,0,2,9.668394190071131,2.5696919881505225
34,2.8845781420881993,0,6,5.736627689444916,1.8756787628738811
54,6.2233525776817356,0,3,14.085597825452112,4.042611951694312
3,6.295377076201385,0,4,10.249407716555224,1.0135001883706096
50,1.473919689274532,0,4,1.9732479725414502,0.4143756769885406
12,4.068540492859486,0,6,11.76629936966769,3.9980324345014724
65,6.625051644788396,0,2,15.57186950715103,6.287783242138375
54,6.2233525776817356,0,5,11.850355429150193,3.3911123772207947
5,4.531693250553328,0,4,9.462686889062837,3.1927401249363476
94,4.3446757068044635,0,2,13.367034881882478,5.6978538222199875
94,4.3446757068044635,0,6,8.248909477502464,2.2532211033820237
57,3.3215649535547227,0,1,7.355180523154074,1.3190716929693154
17,2.9743377593311524,0,5,10.777286866999649,5.114580864176013
47,4.078722458080425,1,3,10.577633152398995,4.315862534083732
23,5.1350564093758475,0,4,14.302200022331625,6.102971046806254
79,5.183521553071005,0,2,7.935751884558977,0.7733297914897012
85,3.3830127942136246,0,1,6.653030073424361,1.1003313709387683
14,1.1734395106844042,0,3,5.905702536975829,3.3167310625213915
66,7.712480057141645,0,7,16.57897356607646,4.997737984725353
75,0.0,0,2,5.459014097082625,4.678152163449074
51,5.64816793878959,0,2,12.01686605115685,5.143204693137766
38,1.0806597522404489,0,3,6.8023352437188365,3.7501268796418867
64,2.6075867518386584,1,1,7.51120626009024,2.595238581580976
98,5.522110544359778,0,7,15.768081304159596,7.233988331698033
38,1.0806597522404489,0,6,3.914167278848617,2.4102032603963557
50,1.473919689274532,0,1,6.814721111626851,3.589396414070439
98,5.522110544359778,0,5,10.107017040671414,3.5153938295441565
82,5.7142251430234925,0,4,13.799052459306182,5.389661365799668
30,4.416612500413446,0,3,9.534932852726543,2.9149123257252
79,5.183521553071005,1,6,12.97854321236086,6.14711368650843
91,5.194155098696081,0,7,11.001909863289072,4.754657227919554
51,5.64816793878959,0,3,16.00082970879237,7.161773932263419
63,2.7873300519879436,1,3,8.490305741556336,4.036350175343963
98,5.522110544359778,0,1,12.566826036857583,5.021431662992536
52,4.229835439167367,0,4,8.495298795918195,3.2252878213545753
38,1.0806597522404489,0,5,5.476976985767169,3.7157959308051165
97,5.592240554129152,1,2,14.1848133078201,4.031657254962155
88,5.657502219319369,1,2,9.052707649773206,2.0115914472587626
79,5.183521553071005,0,3,8.541567415502982,1.6367748810164544
30,4.416612500413446,0,4,12.293986534711053,5.198282921616581
51,5.64816793878959,0,7,13.082415485117878,4.1526576906356665
81,4.560656224324976,1,7,9.643081914228565,3.1184035006385025
5,4.531693250553328,0,6,8.812870436935395,3.5375704291829257
29,3.79872262016239,1,1,8.81798094923937,2.150841087891365
4,8.046059712816051,1,4,16.901611697892022,3.997815563866652
10,6.085120087171929,0,4,15.207079422259397,4.221616702567438
56,6.862560238232398,0,1,10.738099454260288,1.4702212329561495
17,2.9743377593311524,0,7,12.0012077907227,5.932653118293278
74,8.129287311628012,0,7,19.04625992139205,6.9832703713096365
17,2.9743377593311524,0,7,5.320949282987663,-0.021245779083872394
84,3.9634595634527052,0,3,12.217971732530417,5.407499647417247
88,5.657502219319369,1,4,14.590729970935254,6.467639892867938
69,5.723272050095268,1,2,13.790556522777296,4.315992409450355
34,2.8845781420881993,0,1,5.295411329914842,1.464920661644977
6,4.531726086101639,0,7,12.204341120218645,5.859711903389599
53,3.6461559993880828,0,6,9.346550328786664,3.9331944758517476
66,7.712480057141645,0,7,16.965609511712533,5.040391095132464
77,5.174094136476342,0,7,16.38559975786274,8.403821057395584
43,4.768703435223519,0,5,12.453693532643342,5.348051239086437
75,0.0,1,3,2.012127525418591,1.112824530583428
23,5.1350564093758475,0,1,11.363206187036663,3.771873615888
55,7.061999044991902,1,5,13.134054870686784,2.9767763405285335
80,1.0248621707982144,1,5,6.258663441040991,4.625716210636953
95,4.215783693735685,0,6,8.980620381123577,2.080631093724225
75,0.0,1,4,3.780595056948265,3.4832514849921496
16,3.8754249415180544,0,6,8.604560723677134,1.1298631075417789
8,6.534869458305818,0,4,14.127839667869925,4.092512988620011
4,8.046059712816051,0,4,15.467181655127447,5.0289983934635
4,8.046059712816051,0,1,10.980443432268267,-0.2723061509168242
56,6.862560238232398,0,7,15.137888875760455,4.4814484555678575
25,3.9112345509496347,0,1,10.543555869020867,4.096923058572179
67,4.855979756839332,0,3,10.146390888991613,2.9060311257605105
96,2.072970103735763,0,4,12.093257462794428,7.255238217391826
67,4.855979756839332,0,5,13.696757998276144,6.236734846967559
27,2.6980128451553944,0,7,6.9336133301792335,1.8515212570768105
93,3.5958938122452953,0,2,11.150941517486077,5.53224579600282
32,8.704556369017876,0,3,19.91800243921728,6.605245953815407
50,1.473919689274532,0,1,7.188242146841861,3.492190855695818
61,4.04165152430942,0,6,10.799264325212059,4.4797101736971845
51,5.64816793878959,0,3,13.053938840987028,4.563531290884273
19,3.1839518489575784,0,3,4.589620005746448,0.10583631160832108
21,7.931297537843108,0,7,15.448599304519401,4.847219244077422
5,4.531693250553328,0,3,10.880995152299597,3.6026785252361395
82,5.7142251430234925,0,3,14.814244972837717,6.295204615983657
92,6.937289981065779,1,2,14.595405685563462,4.974171750923151
42,5.342736562379941,1,6,12.650256165515152,3.8707231429406765
61,4.04165152430942,1,6,9.81967944399502,3.253340218115949
22,4.548447399026928,1,6,13.26944968738107,5.7128202052172865
21,7.931297537843108,0,4,15.083203771324467,4.062101220215175
70,3.7097604907897512,0,5,8.515311803896047,2.7181657438979543
1,5.993428306022466,0,6,12.379234739351265,4.18713437107282
5,4.531693250553328,0,3,12.197387414395148,5.699118892754979
12,4.068540492859486,0,3,12.063600769267458,5.564576109016316
90,6.026534866226712,0,6,14.019621109568732,4.462533893036135
46,3.5603115832105825,0,7,9.969868578348525,5.17233944719213
34,2.8845781420881993,0,6,8.007091782280291,2.7307079609689797
49,5.687236579136923,0,3,13.394602411683657,3.6637549499218234
78,4.401985299068265,0,4,9.953407271632408,3.274035581889952
90,6.026534866226712,1,1,12.990083600495563,4.53888040233245
45,2.0429560192651453,0,1,10.156265404392622,5.345492283586586
27,2.6980128451553944,1,6,6.516024327408331,1.9362993915678908
73,4.928347921780097,0,2,10.133126853079496,2.6748452131306415
26,5.2218451794197325,1,6,9.48585210867737,2.138562422960149
47,4.078722458080425,0,7,7.701711860351699,1.568817012003475
86,3.996485912830927,0,6,9.684252605776043,4.360958013098528
56,6.862560238232398,0,1,13.175722157350272,3.336956046596456
94,4.3446757068044635,0,3,14.340484754108566,7.763973921084259
63,2.7873300519879436,0,6,8.490605760922863,3.2672405888162537
48,7.114244452437831,0,3,16.98382852873697,7.095719085571342
61,4.04165152430942,0,3,12.678079487698028,5.834149175249112
81,4.560656224324976,0,2,11.11897423244117,4.663408889749818
26,5.2218451794197325,0,3,16.745944937949247,7.1012904355161455
36,2.5583127000579555,1,1,8.271163832911807,3.647988504108481
1,5.993428306022466,0,4,15.469820183286208,7.732307059663798
8,6.534869458305818,0,4,17.175348206826964,6.445797611311415
99,5.010226913284922,0,5,12.738405732343928,4.560910871853636
52,4.229835439167367,0,7,12.649203171744317,4.953754796133281
79,5.183521553071005,0,6,12.97315674584069,5.807645775530144
47,4.078722458080425,1,7,8.509620012465401,1.507841047546416
56,6.862560238232398,1,1,15.235627122364335,4.620723450054788
86,3.996485912830927,0,3,12.395568476611036,5.7181167876878245
14,1.1734395106844042,0,4,9.320996652382338,6.739636933032944
90,6.026534866226712,1,7,12.089506184438218,2.8461497795300748
28,5.751396036691344,0,1,13.57402189414823,5.35828543169099
87,6.830804235404148,0,4,15.113495080803595,4.152046741308027
78,4.401985299068265,0,3,11.478478989889712,5.108007321455178
88,5.657502219319369,0,7,13.509360554700423,4.7651438369807275
2,4.72347139765763,0,4,11.090739448492894,4.440451803291179
26,5.2218451794197325,1,6,12.87196964141777,5.926685496875931
14,1.1734395106844042,0,6,8.053878063500896,5.674626560622563
59,5.662526862807128,0,5,15.007176040463124,6.510600161812671
56,6.862560238232398,1,5,15.597075523258049,4.8198588535658775
7,8.158425631014783,0,4,20.016203924334423,8.13440706957869
3,6.295377076201385,0,1,15.253894845078284,5.903943058248682
23,5.1350564093758475,0,6,11.40114025773583,3.3234981452961936
18,5.628494665190548,0,1,9.989362710231438,2.380552842764094
38,1.0806597522404489,0,1,4.000032066029772,2.2382088857140454
99,5.010226913284922,0,4,13.71968493815784,5.113874295126116
15,1.5501643349739345,0,1,6.03533753164179,2.504535874830351
64,2.6075867518386584,0,6,5.848891744685069,2.6731854395690378
89,3.9404795924659224,0,3,7.94045480814752,2.9569769661822582
28,5.751396036691344,0,5,10.973836193284471,2.8686996503003717
74,8.129287311628012,0,3,18.18371387578327,5.795580038434475
39,2.343627902203139,1,1,7.137618668267261,4.4527709157207
57,3.3215649535547227,0,3,6.3915939569767595,0.8571314603471385
17,2.9743377593311524,0,6,8.596579644361718,3.876626023875405
86,3.996485912830927,0,6,11.234380360995466,3.724488797924937
90,6.026534866226712,0,1,12.087645732912204,4.147166603552083
44,4.3977926088214225,0,4,13.019788043143627,6.032244624499244
25,3.9112345509496347,1,3,9.68361584561927,3.426040298408217
17,2.9743377593311524,0,4,10.695691056754992,7.116521790445029
13,5.483924543132068,1,4,13.931058561276563,4.991543687771924
84,3.9634595634527052,0,2,12.264142992278751,6.490610518323753
25,3.9112345509496347,0,1,8.040633074292202,1.9608710890155339
68,7.007065795784048,0,5,14.440020886799033,4.474711148244608
10,6.085120087171929,0,6,13.936911233869324,5.633536744835078
67,4.855979756839332,0,6,9.85029848373549,1.7714748723814129
18,5.628494665190548,1,1,14.957277526525338,5.466133145209274
100,4.530825733249706,0,7,8.938259369374673,2.8086839856395986
86,3.996485912830927,0,7,9.090144565736935,2.9082943007362174
34,2.8845781420881993,0,7,7.095165612229848,2.373090728693326
8,6.534869458305818,0,5,15.19708300174167,5.5046888926158415
40,5.393722471738247,0,6,9.274274678003085,2.746305197743797
83,7.955788089483033,0,1,17.639758803359758,5.969156000450796
42,5.342736562379941,0,6,15.004656742159796,5.529754339718262
41,6.476933159990821,0,4,15.47746846178244,5.415787888628811
6,4.531726086101639,0,3,12.931280081611447,4.962255821847269
52,4.229835439167367,0,3,11.950711819568923,5.21053396507248
26,5.2218451794197325,0,6,10.434878593265031,2.1641310139544454
64,2.6075867518386584,0,2,10.719868423524112,7.277648573451938
98,5.522110544359778,0,5,12.085776358215275,3.1727709470321694
59,5.662526862807128,0,7,13.236624879423555,4.567863237554466
56,6.862560238232398,0,5,14.20524750503299,3.759829062038547
59,5.662526862807128,0,5,13.593169242567903,4.5174235192863605
70,3.7097604907897512,0,4,8.686702685888983,3.1604390553325183
33,4.973005550524132,0,5,12.796597879591939,4.5803792928581
53,3.6461559993880828,0,3,7.123191142478366,2.138616654906086
22,4.548447399026928,1,4,13.97699859926882,4.833588095408769
21,7.931297537843108,0,1,17.70787399777433,5.159475961868192
70,3.7097604907897512,0,5,9.113052988151166,3.951693015473405
70,3.7097604907897512,1,5,8.254018162398294,2.6598747898967177
4,8.046059712816051,0,1,17.764146252153726,5.844829019846974
94,4.3446757068044635,0,5,9.447977232237832,2.254845304655448
75,0.0,0,1,5.453997967260005,4.099248321452974
62,4.628682046672366,0,4,13.135724297160111,6.521305408860908
62,4.628682046672366,0,3,10.767893127508055,3.2258585871311998
94,4.3446757068044635,0,1,11.743620483195397,5.243541698176643
95,4.215783693735685,0,2,11.444040685085593,5.399942041361564
24,2.1505036275730864,0,1,7.034545736818148,2.9704122798833033
55,7.061999044991902,0,5,14.042772553057215,3.2542569135741353
9,4.061051228130096,1,7,13.05769642010052,6.576737012503527
3,6.295377076201385,0,7,13.016591988678584,3.97041613113615
31,3.796586775541206,0,4,5.8816412572565975,0.5329342972452669
40,5.393722471738247,0,6,14.375041318763458,5.026361486660105
36,2.5583127000579555,0,4,5.915570112437255,1.4634952416267217
24,2.1505036275730864,0,6,9.21363217872346,4.156637453133004
95,4.215783693735685,0,7,13.183010905538035,5.684950371231932
6,4.531726086101639,0,7,11.89301756681028,4.510280251763962
66,7.712480057141645,0,1,18.047905003189097,6.2648582162473305
84,3.9634595634527052,0,3,14.378935333949961,7.603385451706445
92,6.937289981065779,0,2,15.946741762759315,6.261551286010539
75,0.0,0,4,5.3577894878334344,3.777357911083657
4,8.046059712816051,0,5,20.13524825321966,7.222453542466999
79,5.183521553071005,1,6,15.220001107389113,7.215994175584419
6,4.531726086101639,0,5,14.123840020535253,6.317534398367942
94,4.3446757068044635,0,3,9.681245841377539,3.7096295773852948
51,5.64816793878959,0,6,10.076162739680726,2.619281375727602
62,4.628682046672366,0,4,10.004553198181107,2.857876725821761
57,3.3215649535547227,1,1,10.659171745533042,4.922161518568677
66,7.712480057141645,0,5,16.297776825214637,5.490172212942207
79,5.183521553071005,0,3,10.978185889889998,3.72657131572878
75,0.0,0,4,4.794314983958238,4.614276319579043
8,6.534869458305818,0,7,9.79955515365062,1.7275951959547742
26,5.2218451794197325,0,7,12.886378980739416,5.278545540351391
51,5.64816793878959,1,4,15.016780708188863,6.42440435221645
45,2.0429560192651453,0,4,8.986990883746753,4.996500441171614
44,4.3977926088214225,0,4,11.711439558993895,5.492011958016776
5,4.531693250553328,1,6,14.304489125501602,6.548951229315076
70,3.7097604907897512,0,4,9.839767419495594,3.6531422461777914
26,5.2218451794197325,0,5,10.545693199013918,3.4595546476558745
68,7.007065795784048,0,3,16.412914879772764,6.488770466691648
19,3.1839518489575784,1,6,12.2911047035718,5.396985913002184
84,3.9634595634527052,0,4,12.061414365325676,5.980131160978653
97,5.592240554129152,0,2,12.17665269416615,4.466144702191492
20,2.175392597329417,0,2,7.8209620205949,3.8029788404939766
12,4.068540492859486,0,3,7.606869496848609,1.7087770305882484
47,4.078722458080425,0,7,12.14627494602267,5.983385218678111
1,5.993428306022466,0,1,16.359075830570493,6.511144596929478
90,6.026534866226712,0,1,9.8887523577036,1.0048507422351605
14,1.1734395106844042,0,7,7.652671585353321,6.122890139137413
64,2.6075867518386584,1,6,9.061745351397123,4.117384863069765
38,1.0806597522404489,0,6,4.702659696922725,1.9363519876116995
37,5.4177271900095105,0,6,10.462884709987335,2.2547216107796024
11,4.0731646143750755,0,1,10.3206085730824,5.59072587075525
100,4.530825733249706,0,2,10.299455251543632,3.3893274337906387
77,5.174094136476342,0,1,15.711569004996035,8.095333823500924
3,6.295377076201385,0,5,15.53409323595017,6.185670650298934
33,4.973005550524132,0,4,13.016799153015803,4.531277189296947
6,4.531726086101639,0,6,11.43919367327926,4.99589160738292
50,1.473919689274532,0,2,8.968295938377798,5.833876003531075
10,6.085120087171929,0,3,15.360125688319105,5.263754463970803
5,4.531693250553328,0,3,12.436860595402356,5.17219710202039
23,5.1350564093758475,1,4,10.11677199822335,2.5523368103009982
10,6.085120087171929,0,2,19.40737796142018,9.811869096980617
44,4.3977926088214225,1,1,8.630352761802431,2.304937530017051
2,4.72347139765763,1,1,11.130325183474735,3.318666964190192
13,5.483924543132068,0,5,9.233380653940836,1.8254126469242447
40,5.393722471738247,0,5,12.94725625242563,4.790723723269666
2,4.72347139765763,0,1,11.070679179083609,2.783898312443937
84,3.9634595634527052,0,3,11.030923511190524,5.315333482643301
65,6.625051644788396,0,6,11.487236614218403,1.2630883511481945
63,2.7873300519879436,0,3,11.11053733055,5.971477486324714
73,4.928347921780097,0,5,10.024407138140642,3.7907234795794995
17,2.9743377593311524,0,4,8.236599997686955,4.614022047296927
9,4.061051228130096,0,1,11.967754375573593,5.511570879468035
75,0.0,0,5,5.369151922054904,3.515557632780312
15,1.5501643349739345,0,5,8.241348369882001,4.6143903129474575
24,2.1505036275730864,0,6,8.821416619206659,4.8957970958455865
38,1.0806597522404489,0,1,7.347778668565978,4.573852087938156
35,6.645089824206378,0,6,13.599425388891577,3.5178503039526547
94,4.3446757068044635,1,1,10.377860838781004,3.913428599536633
95,4.215783693735685,0,6,11.799540039322135,4.091784945763209
49,5.687236579136923,0,3,11.034659821241325,3.352258549820364
69,5.723272050095268,0,4,15.02510761354756,5.701534905061455
62,4.628682046672366,0,4,11.944467898079239,4.957978953886634
60,6.951090254244718,1,1,14.06338823388129,3.8861195836783224
50,1.473919689274532,0,2,9.040078226332772,6.083339589485829
78,4.401985299068265,1,7,10.381404649959542,3.374777965544799
75,0.0,0,5,3.224581435622355,3.1794150513208645
9,4.061051228130096,0,5,9.163750773962835,3.7010324180643304
34,2.8845781420881993,0,1,9.050306796165696,4.319639743727082
76,6.643805008750448,0,6,15.397548999353868,4.4878466070596925
99,5.010226913284922,0,2,9.950877160856555,3.2440676688887558
35,6.645089824206378,1,3,13.51732306255814,3.6647006410924394
1,5.993428306022466,1,6,12.088632052269238,3.0173370028494597
40,5.393722471738247,0,6,10.317949914299266,3.107223640454555
64,2.6075867518386584,1,1,4.422081085188126,1.527699378982395
22,4.548447399026928,1,1,9.828612223510671,3.649772518728468
60,6.951090254244718,0,5,11.782214579209752,1.6363303137235201
64,2.6075867518386584,0,1,7.135067194858872,3.3880396367880463
93,3.5958938122452953,0,1,8.460492504111606,2.952193229931246
72,8.076073132931938,0,1,18.97590497382466,6.793198183197322
11,4.0731646143750755,0,5,8.018742867116385,2.8187388502786495
14,1.1734395106844042,0,3,4.381792992073653,2.1325311468516523
60,6.951090254244718,0,3,13.435423103331061,2.1337507845890196
30,4.416612500413446,0,7,9.235379587116713,2.644358934664774
35,6.645089824206378,0,7,16.545852884150378,7.312808489965503
85,3.3830127942136246,1,1,6.8511392498043655,1.9603804747071802
37,5.4177271900095105,1,7,11.47538401995605,3.4088665180528923
5,4.531693250553328,0,5,11.905986449607996,5.272089015309014
83,7.955788089483033,1,3,17.550440346287612,6.0261565910768224
78,4.401985299068265,0,6,10.30231117470073,2.41360218070019
26,5.2218451794197325,0,3,8.539069213883627,0.22410649012850237
62,4.628682046672366,0,3,10.708903535421404,4.055058031572337
4,8.046059712816051,0,5,18.670784235376317,6.861675667011341
89,3.9404795924659224,0,7,10.817633719549733,5.232372722515224
42,5.342736562379941,0,6,12.685481836784556,4.2565406353162665
89,3.9404795924659224,0,5,8.194859320181662,2.0702085636507745
18,5.628494665190548,0,1,11.196332035338475,1.9288742815708404
40,5.393722471738247,0,4,12.460985529089426,4.012863937019865
72,8.076073132931938,0,3,13.241736574195025,1.238653323370579
39,2.343627902203139,0,4,8.932721492058699,4.87247315072437
14,1.1734395106844042,0,5,3.94076595263309,2.0981727900788147
32,8.704556369017876,0,5,16.576136838508265,4.5524623415207435
51,5.64816793878959,0,5,9.467089874848691,2.1928352412199104
38,1.0806597522404489,0,4,4.016746481795778,3.7277141341028086
97,5.592240554129152,0,5,10.560692145792974,1.90182865840345
23,5.1350564093758475,0,1,6.924639826042535,-0.8124389907347602
63,2.7873300519879436,0,5,9.30847664934249,4.6940106224729465
15,1.5501643349739345,0,2,9.458571759871854,6.595851553709855
97,5.592240554129152,0,7,15.670240339702636,5.830992381294766
25,3.9112345509496347,0,4,11.53839100707495,4.770887318600341
17,2.9743377593311524,0,2,8.328453565627063,4.002941089300654
97,5.592240554129152,0,5,14.950404717587384,5.575100029007825
66,7.712480057141645,0,1,18.398129219871127,7.006717812695574
78,4.401985299068265,0,3,10.578809722517377,3.7979608678314554
53,3.6461559993880828,0,6,7.290192279400193,1.9240087401095889
51,5.64816793878959,1,7,11.40235930421854,3.2229903057175417
39,2.343627902203139,0,6,10.969082749056932,6.313266388025953
51,5.64816793878959,0,5,12.575451675559407,4.723079121091537
70,3.7097604907897512,0,7,3.1480514753163025,-2.366766937151521
6,4.531726086101639,0,7,8.365796782322214,1.783222895482576
67,4.855979756839332,0,1,11.01372437586428,3.287138555127456
7,8.158425631014783,0,7,18.542216335224083,6.615371732166698
51,5.64816793878959,0,4,12.427741662424518,3.6623023215229047
72,8.076073132931938,0,2,18.248293081876707,6.840073321607031
42,5.342736562379941,0,2,11.919170049273186,2.932822175480009
64,2.6075867518386584,1,2,4.000039439177939,1.03234175640203
15,1.5501643349739345,0,4,6.240717427575946,2.872328657523257
29,3.79872262016239,0,6,9.949940387450294,3.8481602765568947
33,4.973005550524132,0,1,12.0932053957634,4.9423537915397215
94,4.3446757068044635,0,7,8.14130897488662,1.8320444018448832
27,2.6980128451553944,0,4,7.784122761499797,2.3976990103745597
36,2.5583127000579555,0,2,13.937725927824491,8.587017991757994
29,3.79872262016239,0,5,6.906848676120068,2.344079485805542
38,1.0806597522404489,0,3,6.688444896266717,5.300997451502361
57,3.3215649535547227,0,7,4.388041999334374,0.10461471077886075
97,5.592240554129152,1,4,15.07603657893226,5.875950422410588
27,2.6980128451553944,0,4,6.711170958754759,2.3578971819892613
55,7.061999044991902,0,1,15.154989479665172,5.8635326510566035
33,4.973005550524132,0,1,8.95490968527176,1.5529582746882156
68,7.007065795784048,0,4,15.983184991860234,4.802267973348814
86,3.996485912830927,0,2,8.338368662607895,2.0535012679237292
66,7.712480057141645,0,3,14.27002965088363,2.629855429081982
10,6.085120087171929,0,7,13.921003790136426,5.17897297913223
5,4.531693250553328,0,1,9.724272766126578,4.127498227905927
74,8.129287311628012,0,7,17.846355769096217,5.255965519976558
97,5.592240554129152,0,2,13.143628988278056,3.587152610091213
38,1.0806597522404489,0,7,5.56337978946155,3.7510083519331014
13,5.483924543132068,1,5,14.118530922013965,5.374041888617827
31,3.796586775541206,0,1,9.051148545984475,3.30190560399345
47,4.078722458080425,0,2,8.692808112801533,3.0769737982545813
100,4.530825733249706,1,2,10.736720970422184,2.8690227510037722
88,5.657502219319369,0,3,15.103993390794109,6.159623290573384
52,4.229835439167367,1,3,10.713128366770471,4.3935664152133524
56,6.862560238232398,0,5,13.30458393242174,3.259592589435377
15,1.5501643349739345,1,2,6.873391300718215,4.31329408880248
29,3.79872262016239,0,6,11.508245789042078,4.214087995134341
8,6.534869458305818,0,2,15.213707035275641,6.470375019327445
5,4.531693250553328,0,3,8.852990221010332,2.300558264021055
